source_id,flux,flux_error
3321366590173335424,"[ 2.21719843e-17  1.11841273e-17  1.31659045e-17  1.73211318e-17
  1.51000276e-17  9.90562752e-18  9.39119378e-18  1.34398518e-17
  1.59934130e-17  1.47297625e-17  1.30673599e-17  1.30552101e-17
  1.32920337e-17  1.23845412e-17  1.04259139e-17  7.92431283e-18
  6.29984600e-18  7.62480393e-18  1.13173566e-17  1.31705656e-17
  1.02177520e-17  5.48870112e-18  4.34335575e-18  7.02465129e-18
  8.32803239e-18  5.71706976e-18  2.52015109e-18  2.09358611e-18
  3.52816145e-18  4.03453947e-18  2.73427289e-18  1.18899345e-18
  1.19226688e-18  2.76226040e-18  4.25585775e-18  4.19864660e-18
  2.73733926e-18  1.39699170e-18  1.55377559e-18  3.14592141e-18
  4.76977480e-18  4.98714323e-18  3.56222797e-18  1.63271786e-18
  7.35279466e-19  1.56563101e-18  3.47610777e-18  5.04039375e-18
  5.12271394e-18  3.64330818e-18  1.56346712e-18  1.39232310e-19
  1.08170214e-19  1.30776332e-18  2.88658931e-18  3.92320921e-18
  3.98936368e-18  3.34442498e-18  2.69696067e-18  2.71412102e-18
  3.60586314e-18  5.01561843e-18  6.21608019e-18  6.54197152e-18
  5.72542172e-18  4.03831625e-18  2.18028823e-18  9.06883262e-19
  7.28806054e-19  1.67777165e-18  3.31292657e-18  4.92357253e-18
  5.83000571e-18  5.60957026e-18  4.29580789e-18  2.27979937e-18
  2.14404810e-19 -1.27047348e-18 -1.76021091e-18 -1.17253103e-18
  2.29283793e-19  1.96039295e-18  3.48961139e-18  4.40089984e-18
  4.57188089e-18  4.16129486e-18  3.60960718e-18  3.49753979e-18
  4.38764907e-18  6.68807698e-18  1.05396592e-17  1.57716024e-17
  2.18974207e-17  2.83397318e-17  3.43954889e-17  3.93834156e-17
  4.29013705e-17  4.47502971e-17  4.48939002e-17  4.37510217e-17
  4.19254700e-17  3.99624999e-17  3.84925951e-17  3.81815329e-17
  3.94844068e-17  4.25314720e-17  4.75092939e-17  5.43313970e-17
  6.28107039e-17  7.23949685e-17  8.30286093e-17  9.42039168e-17
  1.05494792e-16  1.16660127e-16  1.27476054e-16  1.37775068e-16
  1.47233618e-16  1.56030994e-16  1.63916392e-16  1.69962410e-16
  1.74258920e-16  1.76332476e-16  1.76733395e-16  1.75263736e-16
  1.72131114e-16  1.68699310e-16  1.64924648e-16  1.61519942e-16
  1.59181436e-16  1.57029477e-16  1.55844822e-16  1.56369783e-16
  1.58365670e-16  1.61891334e-16  1.66637087e-16  1.72847445e-16
  1.80272274e-16  1.88989114e-16  1.98874057e-16  2.09567806e-16
  2.20727249e-16  2.32404052e-16  2.43230607e-16  2.54371921e-16
  2.66593603e-16  2.78099923e-16  2.89238410e-16  2.99813722e-16
  3.08933266e-16  3.17393696e-16  3.44758048e-16  3.91847716e-16
  4.33395418e-16  4.65767228e-16  4.61235650e-16  4.46860530e-16
  4.55210353e-16  4.81045013e-16  5.07712090e-16  5.22123772e-16
  5.22256706e-16  5.18423917e-16  5.24843887e-16  5.48159095e-16
  5.83251506e-16  6.17153819e-16  6.40809953e-16  6.53538591e-16
  6.63579137e-16  6.84983244e-16  7.29880865e-16  7.93457398e-16
  8.62777397e-16  9.19099326e-16  9.45174266e-16  9.36082914e-16
  8.99140263e-16  8.47450411e-16  7.94052120e-16  7.51506547e-16
  7.19203227e-16  6.95982311e-16  6.78504253e-16  6.67947274e-16
  6.61046961e-16  6.60258532e-16  6.65664452e-16  6.72597570e-16
  6.80066327e-16  6.87995504e-16  6.98928851e-16  7.15125654e-16
  7.36852646e-16  7.66665771e-16  7.95368584e-16  8.18718932e-16
  8.33807932e-16  8.36032179e-16  8.29065333e-16  8.22128362e-16
  8.24461671e-16  8.37879494e-16  8.63180333e-16  8.96633820e-16
  9.29050570e-16  9.55293287e-16  9.71897588e-16  9.84303584e-16
  9.94238751e-16  1.01257450e-15  1.03964114e-15  1.08049528e-15
  1.13181347e-15  1.18459650e-15  1.23559340e-15  1.28097576e-15
  1.31733167e-15  1.34775886e-15  1.36688168e-15  1.37725035e-15
  1.38049315e-15  1.37271156e-15  1.35072912e-15  1.31002272e-15
  1.25844727e-15  1.19352314e-15  1.12177466e-15  1.05141075e-15
  9.87986360e-16  9.37952951e-16  9.02464064e-16  8.79055411e-16
  8.68074918e-16  8.64142987e-16  8.65258833e-16  8.72424483e-16
  8.82019089e-16  8.94842812e-16  9.11758739e-16  9.28626069e-16
  9.51793483e-16  9.71956758e-16  9.91527376e-16  1.00507918e-15
  1.01531317e-15  1.02570755e-15  1.03571656e-15  1.04788244e-15
  1.06595243e-15  1.08812293e-15  1.11703859e-15  1.15325898e-15
  1.18586624e-15  1.21746639e-15  1.23737767e-15  1.26005735e-15
  1.27640417e-15  1.28976573e-15  1.29818830e-15  1.31227770e-15
  1.33132075e-15  1.35857041e-15  1.38741724e-15  1.41701236e-15
  1.44827716e-15  1.47511431e-15  1.50410655e-15  1.50806318e-15
  1.51865757e-15  1.51834995e-15  1.52150289e-15  1.52944394e-15
  1.55364998e-15  1.57805972e-15  1.61110190e-15  1.64867986e-15
  1.69167090e-15  1.73570764e-15  1.76890261e-15  1.78867186e-15
  1.80144930e-15  1.78948198e-15  1.76551615e-15  1.72687183e-15
  1.67059351e-15  1.60535154e-15  1.54506171e-15  1.47378019e-15
  1.40724081e-15  1.34826700e-15  1.29588287e-15  1.24020062e-15
  1.19742164e-15  1.16882897e-15  1.13431957e-15  1.10648956e-15
  1.09291077e-15  1.07804776e-15  1.06856457e-15  1.06964388e-15
  1.07666394e-15  1.09140448e-15  1.10583495e-15  1.12460275e-15
  1.15985687e-15  1.17922528e-15  1.20299570e-15  1.23882441e-15
  1.25479463e-15  1.27563313e-15  1.30408159e-15  1.32122580e-15
  1.34147367e-15  1.36254501e-15  1.38892773e-15  1.40268917e-15
  1.42920299e-15  1.46240078e-15  1.47529285e-15  1.51238531e-15
  1.53824798e-15  1.54730691e-15  1.58651934e-15  1.58851788e-15
  1.61010681e-15  1.62527970e-15  1.62445756e-15  1.65966301e-15
  1.66431082e-15  1.69847085e-15  1.73536500e-15  1.76080873e-15
  1.80934245e-15  1.85467900e-15  1.89268127e-15  1.95858594e-15
  1.98954158e-15  2.04051251e-15  2.09387977e-15  2.09816786e-15
  2.14518990e-15  2.10867795e-15  2.11333293e-15]","[1.26839045e-17 1.05146518e-17 7.79275339e-18 7.38498829e-18
 6.66267944e-18 6.99139972e-18 7.14218630e-18 8.18395329e-18
 8.81111268e-18 1.03714819e-17 9.38081395e-18 9.42629892e-18
 8.09008883e-18 9.03417358e-18 8.19863945e-18 9.65216728e-18
 9.39748508e-18 1.10690637e-17 1.07852622e-17 1.24118307e-17
 1.26773418e-17 1.34316356e-17 1.52571938e-17 1.28888231e-17
 1.55938459e-17 1.26913586e-17 1.14397008e-17 1.25314876e-17
 8.33527924e-18 9.30760476e-18 9.48413417e-18 6.24510286e-18
 8.06381270e-18 8.23099815e-18 5.53097186e-18 7.34761712e-18
 8.01826511e-18 5.55468572e-18 6.61385256e-18 8.14345666e-18
 6.28961002e-18 5.81187655e-18 7.97277706e-18 7.47647026e-18
 5.56553938e-18 6.88180886e-18 8.08103744e-18 6.69993681e-18
 5.61509676e-18 7.14146524e-18 7.73353389e-18 6.39069601e-18
 5.64298394e-18 6.84839133e-18 7.38719289e-18 6.43533162e-18
 5.63496672e-18 6.32954002e-18 7.03391191e-18 6.69158811e-18
 5.95328688e-18 6.02030998e-18 6.64893908e-18 6.86649673e-18
 6.53004108e-18 6.24956591e-18 6.51159396e-18 6.97524631e-18
 7.18580562e-18 7.12785857e-18 7.12542297e-18 7.41440135e-18
 7.88352019e-18 8.24121875e-18 8.42111470e-18 8.53541215e-18
 8.81185484e-18 9.29225497e-18 9.82141933e-18 1.02011801e-17
 1.04102588e-17 1.06147582e-17 1.09958948e-17 1.15506748e-17
 1.21904517e-17 1.27025221e-17 1.30373746e-17 1.33009116e-17
 1.36466206e-17 1.41774262e-17 1.48258100e-17 1.54219952e-17
 1.58096163e-17 1.60415730e-17 1.62255157e-17 1.64924479e-17
 1.69365773e-17 1.74916772e-17 1.79609876e-17 1.82427048e-17
 1.83317346e-17 1.82689215e-17 1.81926586e-17 1.82791862e-17
 1.85760585e-17 1.89461018e-17 1.93047369e-17 1.95323588e-17
 1.95905027e-17 1.94481482e-17 1.93018765e-17 1.92304715e-17
 1.93002687e-17 1.95286753e-17 1.98482363e-17 2.01539658e-17
 2.03212267e-17 2.03338576e-17 2.01658762e-17 1.97660500e-17
 1.92468355e-17 1.86562887e-17 1.81209458e-17 1.76311211e-17
 1.71651571e-17 1.67798231e-17 1.63824436e-17 1.59676356e-17
 1.55483052e-17 1.50046904e-17 1.44001449e-17 1.38034022e-17
 1.32003141e-17 1.26118334e-17 1.20341495e-17 1.15053601e-17
 1.10213815e-17 1.05932749e-17 1.02128431e-17 9.85923964e-18
 9.51717301e-18 9.19263800e-18 8.84003292e-18 8.51449302e-18
 8.24389708e-18 7.97472946e-18 7.72503392e-18 7.49463234e-18
 7.26713454e-18 7.06795360e-18 2.27208214e-17 6.59779432e-17
 1.20779872e-16 1.93798237e-16 2.32262115e-16 2.35051167e-16
 2.47498229e-16 2.56090556e-16 2.51788446e-16 2.53957506e-16
 2.66511654e-16 2.66863456e-16 2.56179438e-16 2.57937406e-16
 2.65538887e-16 2.56354999e-16 2.42013386e-16 2.44623554e-16
 2.47835070e-16 2.32267111e-16 2.16611023e-16 2.18874730e-16
 2.18482518e-16 2.00354741e-16 1.85388397e-16 1.88154489e-16
 1.84987308e-16 1.64702242e-16 1.50800414e-16 1.55558888e-16
 1.53621038e-16 1.36755872e-16 1.27448967e-16 1.34370270e-16
 1.33939872e-16 1.20690676e-16 1.15306264e-16 1.23939853e-16
 1.26255224e-16 1.15970445e-16 1.10525877e-16 1.19195962e-16
 1.25066988e-16 1.18892386e-16 1.11415554e-16 1.16430060e-16
 1.25320137e-16 1.24108112e-16 1.15831886e-16 1.15048449e-16
 1.24252309e-16 1.29893553e-16 1.25577240e-16 1.19863117e-16
 1.24059792e-16 1.34132976e-16 1.37434433e-16 1.32405011e-16
 1.29281026e-16 1.36688695e-16 1.46023876e-16 1.47299373e-16
 1.42130208e-16 1.41421571e-16 1.49890988e-16 1.58267383e-16
 1.58492730e-16 1.54759793e-16 1.56122077e-16 1.63953050e-16
 1.69699431e-16 1.68064924e-16 1.64185530e-16 1.65887072e-16
 1.73016545e-16 1.76371269e-16 1.72475053e-16 1.67402140e-16
 1.68598978e-16 1.74723354e-16 1.77491486e-16 1.73221148e-16
 1.67809334e-16 1.68046533e-16 1.73345107e-16 1.76963464e-16
 1.74294694e-16 1.69125807e-16 1.68364324e-16 1.72678646e-16
 1.78102121e-16 1.78525345e-16 1.75832787e-16 1.74377781e-16
 1.77555980e-16 1.83130101e-16 1.86327231e-16 1.86227278e-16
 1.86006391e-16 1.88124485e-16 1.92711970e-16 1.97453312e-16
 1.99517257e-16 2.01225959e-16 2.03460903e-16 2.09052215e-16
 2.14423068e-16 2.18014544e-16 2.19520110e-16 2.22458798e-16
 2.27692616e-16 2.34472476e-16 2.39335602e-16 2.41355756e-16
 2.42536323e-16 2.44913571e-16 2.51187753e-16 2.55559661e-16
 2.60560299e-16 2.61395633e-16 2.60883135e-16 2.60928810e-16
 2.64441253e-16 2.67673982e-16 2.69985040e-16 2.69577334e-16
 2.67626689e-16 2.65986484e-16 2.65179439e-16 2.65480107e-16
 2.66855682e-16 2.65503240e-16 2.63227691e-16 2.60682179e-16
 2.58456338e-16 2.57594795e-16 2.58647963e-16 2.56945761e-16
 2.54131198e-16 2.51381164e-16 2.49958840e-16 2.48629740e-16
 2.49727594e-16 2.51955400e-16 2.49824554e-16 2.46423514e-16
 2.45324308e-16 2.44927932e-16 2.46964191e-16 2.50902128e-16
 2.53265802e-16 2.53205864e-16 2.49827864e-16 2.47040672e-16
 2.50285056e-16 2.53344086e-16 2.58769653e-16 2.65187805e-16
 2.63792703e-16 2.60364726e-16 2.58225450e-16 2.57224081e-16
 2.61996504e-16 2.70342470e-16 2.79001297e-16 2.80529634e-16
 2.78810405e-16 2.74822461e-16 2.68479129e-16 2.72735277e-16
 2.82129677e-16 2.91824936e-16 3.04862596e-16 3.04107291e-16
 2.99883711e-16 2.91226023e-16 2.84048803e-16 2.94351611e-16
 3.11116315e-16 3.38768192e-16 3.63101161e-16 3.73436352e-16
 3.74567910e-16 3.65716312e-16 3.59349946e-16 3.79491430e-16
 4.22809021e-16 4.92346529e-16 5.67441309e-16 6.15537042e-16
 6.50354707e-16 6.32625540e-16 6.16524618e-16]"
4557410314849153920,"[8.48703897e-17 9.84197128e-17 5.27668292e-17 3.39091142e-17
 5.49090412e-17 6.11273295e-17 3.73079251e-17 3.25826419e-17
 6.82277449e-17 8.46416541e-17 4.88680852e-17 3.09507867e-17
 5.50353965e-17 7.02052492e-17 4.81065868e-17 2.70172354e-17
 4.93414385e-17 8.78811977e-17 8.22439429e-17 3.70398253e-17
 1.94422689e-17 6.01549029e-17 1.02222556e-16 8.25814650e-17
 3.06711181e-17 1.92023858e-17 5.52246917e-17 8.33579331e-17
 7.11615070e-17 4.06399243e-17 3.17372993e-17 5.78645635e-17
 9.77700785e-17 1.21346351e-16 1.16684525e-16 9.86072197e-17
 9.05620274e-17 1.03016843e-16 1.26240609e-16 1.41839175e-16
 1.38235450e-16 1.20718709e-16 1.05114442e-16 1.04455547e-16
 1.19317517e-16 1.38940790e-16 1.49965803e-16 1.47676750e-16
 1.37918324e-16 1.32476774e-16 1.40875913e-16 1.63833903e-16
 1.92542456e-16 2.15394205e-16 2.24242653e-16 2.18848679e-16
 2.06126217e-16 1.95921539e-16 1.96064027e-16 2.08538255e-16
 2.29097547e-16 2.50698848e-16 2.65949976e-16 2.71747885e-16
 2.69113167e-16 2.61989844e-16 2.56593209e-16 2.55820054e-16
 2.61054960e-16 2.70488270e-16 2.80484809e-16 2.87678568e-16
 2.90812492e-16 2.89176366e-16 2.85664884e-16 2.81997074e-16
 2.81273025e-16 2.84561478e-16 2.91455647e-16 2.99512998e-16
 3.06347653e-16 3.10244167e-16 3.09839311e-16 3.04085028e-16
 2.95927431e-16 2.86909428e-16 2.80026364e-16 2.77671756e-16
 2.80723842e-16 2.89372126e-16 3.02372859e-16 3.17491246e-16
 3.31635190e-16 3.43643063e-16 3.51680635e-16 3.54657442e-16
 3.53519889e-16 3.49556291e-16 3.43750020e-16 3.38772458e-16
 3.36938389e-16 3.38705564e-16 3.44239566e-16 3.53860821e-16
 3.66593351e-16 3.79601939e-16 3.92164755e-16 4.02687764e-16
 4.10129040e-16 4.12290582e-16 4.10999013e-16 4.05862884e-16
 3.97593719e-16 3.87876406e-16 3.78345251e-16 3.70602647e-16
 3.65553045e-16 3.64984748e-16 3.69089731e-16 3.76129070e-16
 3.86106602e-16 3.97147994e-16 4.09169198e-16 4.20103136e-16
 4.28663534e-16 4.36600342e-16 4.42503484e-16 4.47174419e-16
 4.51738680e-16 4.53037078e-16 4.52719057e-16 4.52545189e-16
 4.51536799e-16 4.49735756e-16 4.46406275e-16 4.42633929e-16
 4.38424448e-16 4.34809275e-16 4.32359470e-16 4.31126725e-16
 4.31167058e-16 4.33160554e-16 4.34981905e-16 4.39014838e-16
 4.46491324e-16 4.54229907e-16 4.62698009e-16 4.71402907e-16
 4.78763520e-16 4.85844624e-16 4.87066963e-16 4.82982703e-16
 4.79215477e-16 4.77566771e-16 4.65298386e-16 4.51382059e-16
 4.45241086e-16 4.49258775e-16 4.58315910e-16 4.66897744e-16
 4.71390866e-16 4.72096175e-16 4.71742798e-16 4.72163903e-16
 4.73398054e-16 4.74041300e-16 4.74363306e-16 4.74541198e-16
 4.74387715e-16 4.74710037e-16 4.77480431e-16 4.79842621e-16
 4.80837608e-16 4.79525485e-16 4.75105782e-16 4.69200163e-16
 4.64361621e-16 4.62020366e-16 4.62106614e-16 4.65911437e-16
 4.70120522e-16 4.73653270e-16 4.75309269e-16 4.76872544e-16
 4.76387288e-16 4.75841163e-16 4.76122649e-16 4.75380684e-16
 4.74446021e-16 4.73876709e-16 4.74683806e-16 4.76752083e-16
 4.78873744e-16 4.82665410e-16 4.83959139e-16 4.83026546e-16
 4.80748148e-16 4.75712256e-16 4.69337962e-16 4.64414568e-16
 4.63049903e-16 4.63863929e-16 4.66625561e-16 4.70448542e-16
 4.72750343e-16 4.73216272e-16 4.71434898e-16 4.69865860e-16
 4.67801800e-16 4.68202974e-16 4.69304646e-16 4.72505795e-16
 4.76602284e-16 4.79101135e-16 4.80527603e-16 4.81079245e-16
 4.80749984e-16 4.81407891e-16 4.81406373e-16 4.81712223e-16
 4.82894386e-16 4.83715642e-16 4.83315839e-16 4.80276826e-16
 4.77392490e-16 4.73177177e-16 4.68803176e-16 4.65658526e-16
 4.63849450e-16 4.64209079e-16 4.65838651e-16 4.66845621e-16
 4.67664900e-16 4.66283192e-16 4.62725009e-16 4.58601132e-16
 4.52943429e-16 4.47080699e-16 4.42341286e-16 4.37664834e-16
 4.36953307e-16 4.36574039e-16 4.38051004e-16 4.38926932e-16
 4.39859977e-16 4.41389166e-16 4.42091485e-16 4.41935693e-16
 4.41714348e-16 4.40419459e-16 4.39454545e-16 4.39725085e-16
 4.38017851e-16 4.36345404e-16 4.31630760e-16 4.29291078e-16
 4.26005174e-16 4.22485726e-16 4.17521870e-16 4.13991286e-16
 4.11271327e-16 4.10308214e-16 4.09394306e-16 4.08896641e-16
 4.09761896e-16 4.10854210e-16 4.14376620e-16 4.12879913e-16
 4.14722654e-16 4.14377394e-16 4.14812828e-16 4.15383969e-16
 4.18339989e-16 4.18819986e-16 4.19076017e-16 4.18512599e-16
 4.18232000e-16 4.18244644e-16 4.16915229e-16 4.14839224e-16
 4.14416827e-16 4.12117772e-16 4.11033684e-16 4.10291424e-16
 4.08503894e-16 4.06737740e-16 4.07458450e-16 4.05392942e-16
 4.03636772e-16 4.02302193e-16 4.00701812e-16 3.95539572e-16
 3.91990065e-16 3.90969409e-16 3.86185143e-16 3.82177520e-16
 3.81903351e-16 3.80114864e-16 3.79100916e-16 3.80567056e-16
 3.82658449e-16 3.85767098e-16 3.86869404e-16 3.87539791e-16
 3.91906488e-16 3.89111174e-16 3.86349333e-16 3.86241886e-16
 3.79171849e-16 3.73327412e-16 3.69710931e-16 3.63264162e-16
 3.58408279e-16 3.54704895e-16 3.53430329e-16 3.50092372e-16
 3.51048865e-16 3.54559228e-16 3.53900168e-16 3.59537747e-16
 3.62678768e-16 3.61788315e-16 3.67566106e-16 3.64106000e-16
 3.64360917e-16 3.62217220e-16 3.55586702e-16 3.55867143e-16
 3.48717188e-16 3.47078026e-16 3.45446324e-16 3.41382219e-16
 3.41972976e-16 3.42445612e-16 3.42484176e-16 3.48759350e-16
 3.50279119e-16 3.57007530e-16 3.65895473e-16 3.67932982e-16
 3.79057350e-16 3.76673516e-16 3.82417781e-16]","[4.98120442e-17 3.80701263e-17 3.10144674e-17 2.73287344e-17
 2.57100776e-17 2.56104236e-17 2.73815684e-17 2.91450270e-17
 3.29497483e-17 3.54331439e-17 3.45343624e-17 3.14773391e-17
 2.89674945e-17 3.02398371e-17 2.85849841e-17 3.37363365e-17
 3.23344076e-17 3.91354476e-17 3.80952383e-17 4.30738004e-17
 4.71377883e-17 4.64498574e-17 5.58278478e-17 4.98616270e-17
 5.34606599e-17 5.11472104e-17 4.22633990e-17 4.43383148e-17
 3.67657755e-17 3.31683852e-17 3.50068047e-17 2.92373040e-17
 2.87733851e-17 3.09702902e-17 2.68281488e-17 2.68837742e-17
 2.95014555e-17 2.66087009e-17 2.58658697e-17 2.89929246e-17
 2.76254927e-17 2.55003808e-17 2.82217996e-17 2.90993553e-17
 2.64164696e-17 2.68145564e-17 2.92854576e-17 2.82739774e-17
 2.60340776e-17 2.74629922e-17 2.95051264e-17 2.84148227e-17
 2.64497369e-17 2.72239121e-17 2.88519513e-17 2.84637033e-17
 2.69644717e-17 2.67380857e-17 2.75810041e-17 2.76526381e-17
 2.66842174e-17 2.59552878e-17 2.60013697e-17 2.61316694e-17
 2.57216518e-17 2.49863942e-17 2.45348204e-17 2.43326797e-17
 2.41178647e-17 2.37333527e-17 2.32562465e-17 2.28276524e-17
 2.25514693e-17 2.23457207e-17 2.22168969e-17 2.19519148e-17
 2.14896409e-17 2.08747748e-17 2.03502577e-17 2.00983580e-17
 2.00865823e-17 2.00579912e-17 1.97490193e-17 1.91058346e-17
 1.85111754e-17 1.82139982e-17 1.82581374e-17 1.83804782e-17
 1.82544077e-17 1.78132844e-17 1.72447335e-17 1.68500598e-17
 1.67776373e-17 1.69880994e-17 1.71951285e-17 1.71470649e-17
 1.68213306e-17 1.63511999e-17 1.59133550e-17 1.56969363e-17
 1.57281861e-17 1.58403524e-17 1.58642657e-17 1.57476975e-17
 1.55095046e-17 1.51831860e-17 1.49122002e-17 1.47512954e-17
 1.46961607e-17 1.46383647e-17 1.45897805e-17 1.44931211e-17
 1.43520979e-17 1.42183785e-17 1.41363786e-17 1.41278168e-17
 1.41632981e-17 1.42364274e-17 1.42901535e-17 1.42246914e-17
 1.40543774e-17 1.37679014e-17 1.34466721e-17 1.31083029e-17
 1.27839982e-17 1.25647215e-17 1.24142896e-17 1.23396654e-17
 1.23441280e-17 1.23121561e-17 1.22634530e-17 1.22258947e-17
 1.21598870e-17 1.20599493e-17 1.19051844e-17 1.17269429e-17
 1.15284525e-17 1.13376892e-17 1.11659024e-17 1.10063216e-17
 1.08494444e-17 1.07015564e-17 1.05031448e-17 1.03111155e-17
 1.01557731e-17 9.97152030e-18 9.78386724e-18 9.60002711e-18
 9.40844481e-18 9.25151579e-18 8.60932711e-18 1.10783141e-17
 1.68777768e-17 2.60332041e-17 3.12959060e-17 3.09118487e-17
 3.14201633e-17 3.24309250e-17 3.19968703e-17 3.15331368e-17
 3.24271044e-17 3.26700784e-17 3.15826670e-17 3.13940474e-17
 3.21168931e-17 3.15263933e-17 3.02766828e-17 3.03604883e-17
 3.06758823e-17 2.96749203e-17 2.87787004e-17 2.90024236e-17
 2.89207996e-17 2.79125046e-17 2.73530232e-17 2.74804150e-17
 2.70131561e-17 2.60988273e-17 2.57736009e-17 2.56365494e-17
 2.48056366e-17 2.41421569e-17 2.41975188e-17 2.39575574e-17
 2.29043140e-17 2.23407818e-17 2.25381178e-17 2.20920176e-17
 2.09990614e-17 2.07226401e-17 2.11650631e-17 2.06804059e-17
 1.93264950e-17 1.90101418e-17 1.95771904e-17 1.91768561e-17
 1.77600373e-17 1.72650079e-17 1.80405516e-17 1.80109586e-17
 1.65694604e-17 1.56239029e-17 1.64343799e-17 1.70869892e-17
 1.60506624e-17 1.46532641e-17 1.50222412e-17 1.62537065e-17
 1.60543943e-17 1.45327390e-17 1.38104678e-17 1.48649342e-17
 1.57430665e-17 1.50686802e-17 1.37985501e-17 1.37312198e-17
 1.47076557e-17 1.51365765e-17 1.44384069e-17 1.36512153e-17
 1.38373346e-17 1.45340208e-17 1.47451624e-17 1.43126948e-17
 1.39563114e-17 1.40611249e-17 1.43951240e-17 1.45883674e-17
 1.45675543e-17 1.44635340e-17 1.43139383e-17 1.41765358e-17
 1.42825797e-17 1.46009147e-17 1.48031733e-17 1.46241270e-17
 1.41872179e-17 1.40762535e-17 1.45349448e-17 1.49931986e-17
 1.49719418e-17 1.44117843e-17 1.41286547e-17 1.46287153e-17
 1.54893189e-17 1.58400889e-17 1.53371273e-17 1.46162043e-17
 1.46838661e-17 1.55863086e-17 1.64162677e-17 1.64190886e-17
 1.56070523e-17 1.50261499e-17 1.54041440e-17 1.65449334e-17
 1.72531625e-17 1.69773435e-17 1.60512008e-17 1.56138282e-17
 1.62318167e-17 1.73427926e-17 1.78677087e-17 1.74310863e-17
 1.65814457e-17 1.62742554e-17 1.70790020e-17 1.80650050e-17
 1.86396650e-17 1.82025342e-17 1.73405557e-17 1.69452860e-17
 1.76132324e-17 1.86540172e-17 1.92780708e-17 1.90313992e-17
 1.82694502e-17 1.77902064e-17 1.81180816e-17 1.90308337e-17
 1.98563745e-17 1.98730312e-17 1.92910585e-17 1.86896691e-17
 1.87032467e-17 1.94676104e-17 2.05027427e-17 2.08776594e-17
 2.05364618e-17 1.98673838e-17 1.95629171e-17 1.99350829e-17
 2.09704828e-17 2.20020324e-17 2.21054253e-17 2.14884985e-17
 2.08289089e-17 2.05847027e-17 2.12343154e-17 2.24658792e-17
 2.34099858e-17 2.35687587e-17 2.27950150e-17 2.17981671e-17
 2.16699968e-17 2.22708344e-17 2.36032908e-17 2.49798662e-17
 2.51036551e-17 2.43653543e-17 2.33199409e-17 2.25676784e-17
 2.31090452e-17 2.47124353e-17 2.65014534e-17 2.71760265e-17
 2.68024340e-17 2.55539506e-17 2.39831309e-17 2.41111873e-17
 2.58306057e-17 2.81675527e-17 3.06152080e-17 3.09299124e-17
 2.99521977e-17 2.78219680e-17 2.59915321e-17 2.71358745e-17
 3.04939968e-17 3.55211861e-17 3.97845430e-17 4.14935476e-17
 4.08929496e-17 3.80173528e-17 3.52698088e-17 3.73273116e-17
 4.49579846e-17 5.68756995e-17 6.91237005e-17 7.67910895e-17
 8.09625716e-17 7.63543609e-17 6.98927454e-17]"
2022052808961769088,"[ 6.01341113e-19  4.00346086e-18  6.27099305e-18  4.58893814e-18
  1.92565302e-18  2.17248816e-18  4.66502579e-18  4.97570589e-18
  1.93466192e-18 -8.64865408e-21  1.94953809e-18  3.53670762e-18
  2.35308874e-18  6.34306686e-19  9.61375762e-19  2.84085643e-18
  3.91953610e-18  3.31401865e-18  2.37108653e-18  2.06920449e-18
  1.86608772e-18  1.44759939e-18  1.75358188e-18  3.40293345e-18
  5.14959163e-18  5.37616971e-18  4.25442882e-18  3.16796190e-18
  2.83134986e-18  2.83446027e-18  2.59488545e-18  2.06204963e-18
  1.61194252e-18  1.53658540e-18  1.71564058e-18  1.81708557e-18
  1.65856122e-18  1.37570535e-18  1.24973223e-18  1.40642554e-18
  1.67609632e-18  1.77480453e-18  1.57743923e-18  1.25604133e-18
  1.15648758e-18  1.52264290e-18  2.29053325e-18  3.13415502e-18
  3.67287181e-18  3.71138247e-18  3.35067110e-18  2.87526965e-18
  2.54132156e-18  2.44772484e-18  2.48964183e-18  2.46440605e-18
  2.22195833e-18  1.77244302e-18  1.29290256e-18  1.02966263e-18
  1.16761268e-18  1.73743915e-18  2.59363120e-18  3.49280538e-18
  4.19766656e-18  4.57241500e-18  4.66107936e-18  4.61562703e-18
  4.68349185e-18  5.09172454e-18  5.98118474e-18  7.38273534e-18
  9.24274206e-18  1.13988504e-17  1.37270280e-17  1.60358032e-17
  1.82409025e-17  2.02529376e-17  2.20043491e-17  2.33723419e-17
  2.42769483e-17  2.46712165e-17  2.44716247e-17  2.35461162e-17
  2.20282038e-17  1.99391802e-17  1.74582904e-17  1.47964586e-17
  1.21523647e-17  9.74119304e-18  7.71725202e-18  6.16663260e-18
  5.09769765e-18  4.48000186e-18  4.20696098e-18  4.14595416e-18
  4.17435554e-18  4.18304390e-18  4.08760517e-18  3.86449745e-18
  3.52913097e-18  3.11460887e-18  2.68047696e-18  2.29863316e-18
  2.02541269e-18  1.89122323e-18  1.91490488e-18  2.08374709e-18
  2.36511161e-18  2.70170281e-18  3.05060170e-18  3.35440289e-18
  3.56767900e-18  3.66486708e-18  3.63631074e-18  3.48953597e-18
  3.24261650e-18  2.93619162e-18  2.60680805e-18  2.28520615e-18
  2.01681094e-18  1.82926481e-18  1.74712708e-18  1.77039033e-18
  1.88808790e-18  2.09124109e-18  2.35090238e-18  2.64662111e-18
  2.96240434e-18  3.25652572e-18  3.52006084e-18  3.75303900e-18
  3.93972130e-18  4.07727663e-18  4.16207003e-18  4.21398600e-18
  4.24950661e-18  4.30002509e-18  4.39530592e-18  4.55982714e-18
  4.81548032e-18  5.18707731e-18  5.66046705e-18  6.27125539e-18
  7.04573890e-18  7.94096267e-18  8.96308436e-18  1.01016629e-17
  1.13180886e-17  1.26297672e-17  1.36230992e-17  1.41728221e-17
  1.37205245e-17  1.11101625e-17  8.16152637e-18  9.52581101e-18
  1.69703394e-17  3.07881833e-17  4.83176949e-17  6.47557859e-17
  7.48889647e-17  7.54858444e-17  6.67286780e-17  5.17479940e-17
  3.51142758e-17  2.09465159e-17  1.15938763e-17  7.14687286e-18
  6.18779446e-18  6.86552963e-18  7.78454834e-18  8.28595499e-18
  8.37730897e-18  8.29281043e-18  8.15832996e-18  7.94909756e-18
  7.59468815e-18  7.11754915e-18  6.68487691e-18  6.54980545e-18
  6.80049509e-18  7.35635553e-18  7.96260730e-18  8.38213586e-18
  8.43583383e-18  8.20455552e-18  7.89018020e-18  7.66143211e-18
  7.62813588e-18  7.75443737e-18  7.93149296e-18  8.05960497e-18
  8.12922157e-18  8.28927518e-18  8.61927163e-18  9.19001658e-18
  9.93006911e-18  1.05751111e-17  1.08592670e-17  1.06284458e-17
  9.88982657e-18  8.76594727e-18  7.53387348e-18  6.46267794e-18
  5.69887778e-18  5.27279515e-18  5.08050714e-18  4.98879342e-18
  4.85530780e-18  4.66000648e-18  4.42597399e-18  4.26050576e-18
  4.23752998e-18  4.36347777e-18  4.59926309e-18  4.85265287e-18
  5.02346004e-18  5.06967202e-18  4.97604414e-18  4.81341941e-18
  4.67383913e-18  4.61546044e-18  4.65348164e-18  4.74211593e-18
  4.83851937e-18  4.85306837e-18  4.75195053e-18  4.55407002e-18
  4.31399152e-18  4.11851646e-18  4.03025955e-18  4.06795495e-18
  4.22218786e-18  4.42115531e-18  4.59269169e-18  4.69106814e-18
  4.67730292e-18  4.57664253e-18  4.44893124e-18  4.34440673e-18
  4.35286134e-18  4.45977536e-18  4.66477656e-18  4.89441610e-18
  5.09273806e-18  5.21125532e-18  5.20432151e-18  5.07839913e-18
  4.88355859e-18  4.67024144e-18  4.51610491e-18  4.47384806e-18
  4.52429530e-18  4.66859357e-18  4.82811543e-18  5.00761270e-18
  5.12339678e-18  5.15725344e-18  5.09680829e-18  5.00655070e-18
  4.92411528e-18  4.90667307e-18  4.96530056e-18  5.11061770e-18
  5.33287196e-18  5.57420970e-18  5.81148493e-18  5.89127813e-18
  5.90221292e-18  5.76728171e-18  5.56245681e-18  5.33842663e-18
  5.19692863e-18  5.14917103e-18  5.27833117e-18  5.60074294e-18
  6.11999824e-18  6.79573476e-18  7.53546691e-18  8.26782946e-18
  8.96734216e-18  9.50089204e-18  9.89967271e-18  1.01356995e-17
  1.01894815e-17  1.01209418e-17  1.00336869e-17  9.83865667e-18
  9.64506779e-18  9.47436221e-18  9.31594679e-18  9.09082369e-18
  8.91259100e-18  8.79787818e-18  8.61207967e-18  8.47824246e-18
  8.49512827e-18  8.58888406e-18  8.85424503e-18  9.37021000e-18
  1.01194874e-17  1.11182008e-17  1.22576745e-17  1.35324091e-17
  1.50372772e-17  1.62875389e-17  1.74618837e-17  1.86170177e-17
  1.92228592e-17  1.96148064e-17  1.98253355e-17  1.95764129e-17
  1.91198291e-17  1.84677169e-17  1.77346788e-17  1.67558283e-17
  1.59022615e-17  1.51269174e-17  1.41865712e-17  1.35357148e-17
  1.28321014e-17  1.20434310e-17  1.15247617e-17  1.07656328e-17
  1.01790975e-17  9.60037280e-18  9.01422028e-18  8.75194498e-18
  8.50348161e-18  8.63989379e-18  9.07814683e-18  9.78657748e-18
  1.09819614e-17  1.25261448e-17  1.43549818e-17  1.66942461e-17
  1.89514977e-17  2.15075617e-17  2.41154664e-17  2.60325720e-17
  2.82432731e-17  2.90013098e-17  2.98778429e-17]","[2.25504558e-18 1.65509423e-18 1.30285411e-18 1.13029345e-18
 1.03596648e-18 1.02964630e-18 1.05496217e-18 1.14321135e-18
 1.22761827e-18 1.33139557e-18 1.23620323e-18 1.14074817e-18
 1.01750844e-18 1.03303695e-18 9.86993917e-19 1.08632466e-18
 1.09412762e-18 1.19349220e-18 1.24165949e-18 1.25899358e-18
 1.43095398e-18 1.38324393e-18 1.56048747e-18 1.51700559e-18
 1.39997706e-18 1.43655713e-18 1.17742840e-18 1.08126834e-18
 1.01806003e-18 8.20740707e-19 8.00095698e-19 7.67538738e-19
 6.55326338e-19 6.64477567e-19 6.62981255e-19 5.91187098e-19
 5.95390773e-19 6.21857432e-19 5.79654591e-19 5.61293206e-19
 5.97253841e-19 5.95013206e-19 5.60547039e-19 5.71086499e-19
 5.98712687e-19 5.82069724e-19 5.54792927e-19 5.73212425e-19
 5.93731995e-19 5.69419236e-19 5.42274935e-19 5.59908706e-19
 5.78069916e-19 5.53553281e-19 5.20813519e-19 5.30605058e-19
 5.54486683e-19 5.43298839e-19 5.10988275e-19 5.06938604e-19
 5.30232704e-19 5.37450017e-19 5.16530623e-19 5.01634733e-19
 5.15808243e-19 5.35166011e-19 5.34613805e-19 5.19015177e-19
 5.15316717e-19 5.30502098e-19 5.45408417e-19 5.46388342e-19
 5.42292093e-19 5.46615878e-19 5.62186348e-19 5.73803145e-19
 5.73623227e-19 5.66222369e-19 5.63325797e-19 5.68238645e-19
 5.74112457e-19 5.72691314e-19 5.62091341e-19 5.46498666e-19
 5.35591810e-19 5.28372134e-19 5.20035015e-19 5.06294307e-19
 4.87666858e-19 4.70364397e-19 4.59110879e-19 4.52671527e-19
 4.44609158e-19 4.31845858e-19 4.14495445e-19 3.97446128e-19
 3.87395829e-19 3.85696218e-19 3.86696587e-19 3.84420065e-19
 3.75733189e-19 3.61143266e-19 3.45855457e-19 3.36632191e-19
 3.35779153e-19 3.39014951e-19 3.41501396e-19 3.38819442e-19
 3.30277068e-19 3.17488339e-19 3.06845470e-19 3.01842263e-19
 3.03209483e-19 3.08437822e-19 3.13224049e-19 3.14160474e-19
 3.09718150e-19 3.01907530e-19 2.93544581e-19 2.86752714e-19
 2.84087893e-19 2.84405287e-19 2.85946909e-19 2.85122067e-19
 2.79900971e-19 2.71716950e-19 2.61192915e-19 2.51122866e-19
 2.44445295e-19 2.41048338e-19 2.42077808e-19 2.47253782e-19
 2.53955942e-19 2.59973291e-19 2.63132032e-19 2.63185902e-19
 2.60245369e-19 2.55836823e-19 2.51609903e-19 2.48765924e-19
 2.47885753e-19 2.49116586e-19 2.50413535e-19 2.52175272e-19
 2.54366235e-19 2.54865288e-19 2.54154414e-19 2.52632581e-19
 2.50489937e-19 2.49521362e-19 2.46324550e-19 3.74779101e-19
 5.90701006e-19 8.87780208e-19 1.08349416e-18 1.10999420e-18
 1.13168432e-18 1.16569362e-18 1.18068997e-18 1.18434392e-18
 1.19617138e-18 1.18048075e-18 1.11638944e-18 1.05563197e-18
 1.02101891e-18 9.54369911e-19 8.51916087e-19 7.91447427e-19
 7.74929901e-19 7.23423918e-19 6.49324052e-19 6.24291577e-19
 6.22335723e-19 5.79550814e-19 5.32985345e-19 5.35538927e-19
 5.34245602e-19 4.91620987e-19 4.62550119e-19 4.74578090e-19
 4.66652199e-19 4.28584036e-19 4.16665836e-19 4.31394263e-19
 4.15399571e-19 3.79273226e-19 3.77871307e-19 3.93091522e-19
 3.75026229e-19 3.41679223e-19 3.44170450e-19 3.60324451e-19
 3.42933709e-19 3.12554452e-19 3.14300965e-19 3.29054591e-19
 3.14658326e-19 2.84575107e-19 2.82765537e-19 2.96609504e-19
 2.85881241e-19 2.56828857e-19 2.50740172e-19 2.65742325e-19
 2.62930554e-19 2.40297641e-19 2.31783892e-19 2.45243774e-19
 2.46879678e-19 2.28282143e-19 2.17319597e-19 2.30849177e-19
 2.40443127e-19 2.26533426e-19 2.10241048e-19 2.19294284e-19
 2.36698050e-19 2.33419973e-19 2.12851319e-19 2.08590894e-19
 2.28860481e-19 2.41138168e-19 2.27895642e-19 2.08220951e-19
 2.14551311e-19 2.36520652e-19 2.42053962e-19 2.25341903e-19
 2.11709031e-19 2.23543175e-19 2.42207698e-19 2.41082547e-19
 2.22571169e-19 2.12784598e-19 2.27187110e-19 2.45395838e-19
 2.44512778e-19 2.28727737e-19 2.22615516e-19 2.37036668e-19
 2.54583507e-19 2.53428483e-19 2.37917032e-19 2.30413599e-19
 2.45846694e-19 2.67505689e-19 2.71958115e-19 2.56673936e-19
 2.42031226e-19 2.49390390e-19 2.72691964e-19 2.87936603e-19
 2.81234505e-19 2.64554713e-19 2.59961120e-19 2.79717992e-19
 3.03398211e-19 3.10740694e-19 2.97895709e-19 2.83232287e-19
 2.86917263e-19 3.09619311e-19 3.30121334e-19 3.33156830e-19
 3.21425187e-19 3.11094870e-19 3.20514112e-19 3.40920574e-19
 3.61017487e-19 3.63543546e-19 3.53374439e-19 3.44652228e-19
 3.53150365e-19 3.73077197e-19 3.91897914e-19 3.97766636e-19
 3.92398619e-19 3.86752876e-19 3.90753055e-19 4.05532209e-19
 4.23372524e-19 4.30843547e-19 4.29887891e-19 4.27478776e-19
 4.32033627e-19 4.46734791e-19 4.66605185e-19 4.75921203e-19
 4.74882470e-19 4.69615682e-19 4.70387623e-19 4.80108675e-19
 5.00689588e-19 5.22351922e-19 5.27734988e-19 5.22450087e-19
 5.19168440e-19 5.22116151e-19 5.38771624e-19 5.64728993e-19
 5.85530598e-19 5.94244370e-19 5.88301108e-19 5.81214034e-19
 5.92306338e-19 6.10282880e-19 6.38410192e-19 6.67845785e-19
 6.72097675e-19 6.64854302e-19 6.57897319e-19 6.56705472e-19
 6.77200207e-19 7.12282095e-19 7.48219360e-19 7.60416025e-19
 7.57800075e-19 7.45502795e-19 7.29155722e-19 7.49705000e-19
 7.92507236e-19 8.38077807e-19 8.89232938e-19 8.93445675e-19
 8.81800012e-19 8.56599468e-19 8.43278908e-19 8.94709695e-19
 9.74285250e-19 1.08735990e-18 1.18410818e-18 1.22868876e-18
 1.23919506e-18 1.21890027e-18 1.21748396e-18 1.32049340e-18
 1.50964946e-18 1.78703432e-18 2.07838516e-18 2.26913833e-18
 2.41622213e-18 2.38141883e-18 2.37333698e-18]"
4052553745525657600,"[1.39451421e-16 1.11400953e-16 1.04209034e-16 1.00275263e-16
 9.39706325e-17 8.66696997e-17 8.24622043e-17 8.21011269e-17
 8.84646283e-17 9.85751704e-17 9.72088219e-17 8.26807162e-17
 7.09117732e-17 6.94069671e-17 7.79319945e-17 8.87192192e-17
 9.38131724e-17 9.18181484e-17 8.72423524e-17 8.17582526e-17
 7.29022241e-17 6.17552164e-17 5.16901280e-17 4.53489043e-17
 4.29813001e-17 4.37586712e-17 4.69837446e-17 5.11708125e-17
 5.54608642e-17 6.09649815e-17 7.07778589e-17 8.66345969e-17
 1.06085268e-16 1.24072350e-16 1.34922414e-16 1.37799345e-16
 1.35779414e-16 1.32980547e-16 1.31623082e-16 1.31688151e-16
 1.30792783e-16 1.28371482e-16 1.26023357e-16 1.26385958e-16
 1.31013898e-16 1.39187686e-16 1.47631907e-16 1.53947384e-16
 1.57336718e-16 1.59355893e-16 1.63251824e-16 1.71449352e-16
 1.83376680e-16 1.97122050e-16 2.09947753e-16 2.20086780e-16
 2.27371436e-16 2.32998051e-16 2.38864032e-16 2.46051205e-16
 2.54032640e-16 2.61795202e-16 2.67140294e-16 2.69399672e-16
 2.68815201e-16 2.66457457e-16 2.65350978e-16 2.66340735e-16
 2.70594340e-16 2.77549989e-16 2.85344751e-16 2.91915037e-16
 2.96222372e-16 2.96644446e-16 2.94594222e-16 2.90389757e-16
 2.86552802e-16 2.84610814e-16 2.85527124e-16 2.88671129e-16
 2.93251347e-16 2.98343073e-16 3.02350807e-16 3.02997136e-16
 3.01284671e-16 2.96721241e-16 2.90702729e-16 2.84891692e-16
 2.80462909e-16 2.78878340e-16 2.80796770e-16 2.86098061e-16
 2.93611389e-16 3.03252713e-16 3.13534908e-16 3.22842988e-16
 3.30741957e-16 3.36744482e-16 3.39957536e-16 3.41353140e-16
 3.42126439e-16 3.42285076e-16 3.42276660e-16 3.43350202e-16
 3.45877928e-16 3.48681118e-16 3.52528348e-16 3.57068396e-16
 3.62049384e-16 3.65748951e-16 3.69553845e-16 3.72512696e-16
 3.74353253e-16 3.75533072e-16 3.76452645e-16 3.77590559e-16
 3.78926525e-16 3.81651936e-16 3.85662605e-16 3.89206805e-16
 3.92759004e-16 3.95202852e-16 3.97433360e-16 3.98409124e-16
 3.97806230e-16 3.97903901e-16 3.97782953e-16 3.98355194e-16
 4.00633051e-16 4.01712629e-16 4.02859896e-16 4.05365307e-16
 4.08028405e-16 4.10499550e-16 4.11672508e-16 4.12096047e-16
 4.11369502e-16 4.10132176e-16 4.08714938e-16 4.07086434e-16
 4.05344935e-16 4.04279685e-16 4.02138374e-16 4.01408334e-16
 4.03439645e-16 4.05559391e-16 4.08410993e-16 4.11735506e-16
 4.14305070e-16 4.17165938e-16 4.17903727e-16 4.17053795e-16
 4.15525014e-16 4.15520448e-16 4.07050326e-16 3.98560510e-16
 3.96988404e-16 4.01243363e-16 4.05589404e-16 4.06565934e-16
 4.04117759e-16 4.01457861e-16 4.02044547e-16 4.06329738e-16
 4.11959409e-16 4.15586354e-16 4.16652901e-16 4.15897134e-16
 4.14368187e-16 4.13754057e-16 4.16078089e-16 4.18642393e-16
 4.20364676e-16 4.20464593e-16 4.18467780e-16 4.15794914e-16
 4.14115225e-16 4.13585071e-16 4.13012303e-16 4.13076176e-16
 4.11377352e-16 4.08418541e-16 4.04897028e-16 4.03581768e-16
 4.03041910e-16 4.04125933e-16 4.06140860e-16 4.06132753e-16
 4.04079132e-16 4.00601648e-16 3.97397311e-16 3.95482639e-16
 3.94796762e-16 3.97126193e-16 3.98956543e-16 4.00052201e-16
 4.00544253e-16 3.98701500e-16 3.95280380e-16 3.92390974e-16
 3.91788224e-16 3.92473255e-16 3.94572151e-16 3.97717620e-16
 4.00031237e-16 4.01331502e-16 4.01049846e-16 4.00787640e-16
 3.99346049e-16 3.98791982e-16 3.97526461e-16 3.97096286e-16
 3.97188909e-16 3.96555898e-16 3.96298115e-16 3.96826567e-16
 3.97898332e-16 4.00432704e-16 4.02285149e-16 4.03626688e-16
 4.04691025e-16 4.04649518e-16 4.03324772e-16 4.00168251e-16
 3.97957750e-16 3.95526278e-16 3.93501110e-16 3.92404244e-16
 3.91646877e-16 3.91490329e-16 3.91150910e-16 3.89458155e-16
 3.87502695e-16 3.84406451e-16 3.80811210e-16 3.78297288e-16
 3.75898183e-16 3.74178404e-16 3.73525925e-16 3.72344558e-16
 3.73472571e-16 3.73663932e-16 3.74380541e-16 3.73907524e-16
 3.73272296e-16 3.73319429e-16 3.73062078e-16 3.72499204e-16
 3.72166683e-16 3.71016174e-16 3.70065799e-16 3.70023036e-16
 3.68266133e-16 3.66683399e-16 3.62926428e-16 3.61748247e-16
 3.60450385e-16 3.59580161e-16 3.57906250e-16 3.57602569e-16
 3.57855058e-16 3.59271275e-16 3.60259590e-16 3.61170251e-16
 3.62988166e-16 3.64915069e-16 3.69104442e-16 3.69039028e-16
 3.72181150e-16 3.73488546e-16 3.75450966e-16 3.77299753e-16
 3.80935520e-16 3.81877786e-16 3.82228519e-16 3.81602480e-16
 3.81221790e-16 3.81309780e-16 3.80524943e-16 3.79444588e-16
 3.80168965e-16 3.79246805e-16 3.79222391e-16 3.78991582e-16
 3.77031323e-16 3.74215855e-16 3.72855055e-16 3.68325692e-16
 3.63813242e-16 3.59815823e-16 3.56105992e-16 3.50077958e-16
 3.46479820e-16 3.46081683e-16 3.43096158e-16 3.41160148e-16
 3.42471596e-16 3.41890310e-16 3.41111250e-16 3.41496483e-16
 3.41417306e-16 3.41483088e-16 3.39475803e-16 3.37378758e-16
 3.39358606e-16 3.36528119e-16 3.35489493e-16 3.38678414e-16
 3.37544363e-16 3.38844863e-16 3.42966712e-16 3.44477544e-16
 3.46634868e-16 3.48289714e-16 3.50123920e-16 3.47370589e-16
 3.46347440e-16 3.45637617e-16 3.39338210e-16 3.38368720e-16
 3.35200063e-16 3.29425769e-16 3.31521063e-16 3.27562151e-16
 3.29449179e-16 3.31581079e-16 3.31584333e-16 3.39478504e-16
 3.40962176e-16 3.47617933e-16 3.53318692e-16 3.54717428e-16
 3.58549876e-16 3.59552257e-16 3.57388302e-16 3.59351186e-16
 3.54764318e-16 3.54842070e-16 3.57596728e-16 3.55628753e-16
 3.65771617e-16 3.67342759e-16 3.82182641e-16]","[4.01744976e-17 2.83879137e-17 2.27404945e-17 1.89037803e-17
 1.75668935e-17 1.64612111e-17 1.70260431e-17 1.75113052e-17
 1.88965870e-17 1.97481314e-17 1.85261602e-17 1.64336773e-17
 1.45512785e-17 1.47058566e-17 1.37925174e-17 1.50956730e-17
 1.47337325e-17 1.60488394e-17 1.60148490e-17 1.61672329e-17
 1.77626828e-17 1.63180483e-17 1.87929362e-17 1.68487742e-17
 1.59374812e-17 1.63421313e-17 1.20033300e-17 1.24479325e-17
 1.10895093e-17 8.20357795e-18 9.44391863e-18 8.19594629e-18
 6.53001988e-18 7.93949136e-18 7.05151740e-18 5.66153709e-18
 7.02756204e-18 6.70509762e-18 5.20492282e-18 6.27564971e-18
 6.71779229e-18 5.29026865e-18 5.47258126e-18 6.62857992e-18
 5.93597728e-18 4.94276893e-18 5.87090948e-18 6.36342680e-18
 5.40290946e-18 4.96807359e-18 5.83358808e-18 6.02110631e-18
 5.20519149e-18 4.93195949e-18 5.60048386e-18 5.82523847e-18
 5.27865518e-18 4.88647381e-18 5.20099462e-18 5.48950109e-18
 5.26125752e-18 4.89364331e-18 4.89491140e-18 5.11307716e-18
 5.11466331e-18 4.86305428e-18 4.67974687e-18 4.71640136e-18
 4.81019745e-18 4.76630216e-18 4.59772626e-18 4.45232338e-18
 4.42193552e-18 4.43701825e-18 4.42264698e-18 4.33879397e-18
 4.23367027e-18 4.15188157e-18 4.11068465e-18 4.08710050e-18
 4.05563509e-18 4.00178632e-18 3.92245875e-18 3.82599523e-18
 3.76472500e-18 3.74259814e-18 3.74174499e-18 3.72237268e-18
 3.65408092e-18 3.55394816e-18 3.46750217e-18 3.43423891e-18
 3.44722241e-18 3.47613264e-18 3.47048980e-18 3.40790021e-18
 3.31603954e-18 3.24086486e-18 3.20997798e-18 3.22704480e-18
 3.26064231e-18 3.26240190e-18 3.21107417e-18 3.12636966e-18
 3.04413359e-18 2.98953993e-18 2.98401260e-18 3.01003136e-18
 3.03551320e-18 3.02152624e-18 2.97370936e-18 2.89840789e-18
 2.82068702e-18 2.77050556e-18 2.76208059e-18 2.78873747e-18
 2.82486048e-18 2.85190476e-18 2.85109306e-18 2.80636574e-18
 2.73299055e-18 2.64406082e-18 2.56656693e-18 2.50569774e-18
 2.45916209e-18 2.43104455e-18 2.40279919e-18 2.37040489e-18
 2.33617268e-18 2.28574000e-18 2.23412146e-18 2.19774181e-18
 2.17793637e-18 2.17670585e-18 2.18606259e-18 2.20128994e-18
 2.20983320e-18 2.20532681e-18 2.18312380e-18 2.14126885e-18
 2.08301982e-18 2.01848234e-18 1.94658688e-18 1.88678057e-18
 1.84991193e-18 1.82553845e-18 1.81616843e-18 1.81824883e-18
 1.82323955e-18 1.83292707e-18 1.67343659e-18 1.77803217e-18
 2.38390618e-18 3.42695651e-18 4.09080089e-18 4.03710259e-18
 3.96463542e-18 4.00640649e-18 3.97737490e-18 3.88097479e-18
 3.88575896e-18 3.89824063e-18 3.79060960e-18 3.70362589e-18
 3.69967208e-18 3.62060610e-18 3.49304337e-18 3.45917313e-18
 3.42989103e-18 3.31124534e-18 3.24644923e-18 3.25812363e-18
 3.20017031e-18 3.10537001e-18 3.11340423e-18 3.12650562e-18
 3.03156485e-18 2.97843437e-18 3.02946086e-18 2.98863217e-18
 2.82547463e-18 2.80316241e-18 2.89624543e-18 2.82493125e-18
 2.62764809e-18 2.63738258e-18 2.76679896e-18 2.67787571e-18
 2.48176153e-18 2.54075291e-18 2.71285204e-18 2.63306526e-18
 2.42054260e-18 2.49537244e-18 2.70368854e-18 2.64282123e-18
 2.39912031e-18 2.41677239e-18 2.66059629e-18 2.67699225e-18
 2.42133580e-18 2.32197653e-18 2.56389363e-18 2.71729163e-18
 2.53218915e-18 2.29057067e-18 2.38951746e-18 2.63964194e-18
 2.63798984e-18 2.41160308e-18 2.30501762e-18 2.47072202e-18
 2.61198682e-18 2.52454773e-18 2.35479846e-18 2.35628955e-18
 2.50518288e-18 2.58700577e-18 2.51256733e-18 2.40277022e-18
 2.39674084e-18 2.47890032e-18 2.54954271e-18 2.54914694e-18
 2.49866799e-18 2.42739620e-18 2.40036721e-18 2.46037081e-18
 2.54939954e-18 2.55714966e-18 2.44049117e-18 2.30699296e-18
 2.33293616e-18 2.48947020e-18 2.57247915e-18 2.46466939e-18
 2.25542747e-18 2.20314003e-18 2.38912712e-18 2.56610088e-18
 2.53751723e-18 2.30433471e-18 2.13848221e-18 2.26256495e-18
 2.52301191e-18 2.62285352e-18 2.45328181e-18 2.18290478e-18
 2.14051497e-18 2.38517790e-18 2.62359977e-18 2.62380466e-18
 2.37726074e-18 2.14719356e-18 2.20301750e-18 2.49063442e-18
 2.68198274e-18 2.61478831e-18 2.35478414e-18 2.18681549e-18
 2.31449071e-18 2.59579569e-18 2.74522458e-18 2.65059380e-18
 2.41565245e-18 2.28242036e-18 2.42816570e-18 2.66815417e-18
 2.81316102e-18 2.72784167e-18 2.51644778e-18 2.38897336e-18
 2.50796668e-18 2.74226735e-18 2.89504800e-18 2.85714303e-18
 2.68953009e-18 2.56443132e-18 2.62108114e-18 2.81950478e-18
 3.00195982e-18 3.01959564e-18 2.89939523e-18 2.75971202e-18
 2.74841310e-18 2.90603597e-18 3.12736266e-18 3.23144971e-18
 3.19156598e-18 3.07242963e-18 3.00433880e-18 3.06207752e-18
 3.24704053e-18 3.44056462e-18 3.48579680e-18 3.41330324e-18
 3.33602605e-18 3.33057715e-18 3.46927876e-18 3.69729473e-18
 3.87722539e-18 3.93873165e-18 3.86790580e-18 3.78171656e-18
 3.84251185e-18 3.99095655e-18 4.22696011e-18 4.46461499e-18
 4.51627817e-18 4.48358175e-18 4.46941467e-18 4.52804067e-18
 4.75901021e-18 5.08678737e-18 5.40038804e-18 5.53192159e-18
 5.56993592e-18 5.57631270e-18 5.59096092e-18 5.88613346e-18
 6.30493698e-18 6.68943987e-18 7.10429843e-18 7.18747288e-18
 7.23711174e-18 7.28342863e-18 7.46118999e-18 8.09527764e-18
 8.78664279e-18 9.64525783e-18 1.03532379e-17 1.07327132e-17
 1.10587528e-17 1.14081638e-17 1.20833325e-17 1.35414320e-17
 1.53125381e-17 1.75105418e-17 1.96930697e-17 2.11173734e-17
 2.26788220e-17 2.34088912e-17 2.53682568e-17]"
4050670827750135040,"[ 1.07240887e-16  1.00957998e-16  9.87985057e-17  1.04578889e-16
  1.11030950e-16  1.11384583e-16  1.08847055e-16  1.07000440e-16
  1.08904066e-16  1.13655562e-16  1.16289434e-16  1.14929419e-16
  1.11742038e-16  1.05151783e-16  1.01676947e-16  1.05563324e-16
  1.09165205e-16  1.02066336e-16  8.88210030e-17  8.31937249e-17
  8.82915969e-17  9.43303884e-17  9.30190499e-17  9.24487436e-17
  1.03967292e-16  1.18552344e-16  1.16371064e-16  9.40998376e-17
  6.94314174e-17  5.96149616e-17  6.63473726e-17  7.64742445e-17
  7.52293786e-17  5.97319772e-17  4.00639953e-17  3.13314573e-17
  4.05400334e-17  6.11801498e-17  7.81601765e-17  7.93909147e-17
  6.32964156e-17  4.00434779e-17  2.38038112e-17  2.36174074e-17
  3.84970775e-17  5.95622151e-17  7.64086135e-17  8.38476883e-17
  8.33715633e-17  8.06190475e-17  8.09168724e-17  8.54465096e-17
  9.05388352e-17  9.10470136e-17  8.35274830e-17  6.86321538e-17
  5.08444212e-17  3.62702360e-17  2.97312147e-17  3.25253673e-17
  4.20542996e-17  5.33613622e-17  6.12335406e-17  6.26579248e-17
  5.76269468e-17  4.88039312e-17  4.05021369e-17  3.63723677e-17
  3.86416925e-17  4.72787072e-17  6.03604305e-17  7.50451715e-17
  8.88076334e-17  9.96345060e-17  1.07328730e-16  1.12096092e-16
  1.15343892e-16  1.18156951e-16  1.21149132e-16  1.23928270e-16
  1.25784212e-16  1.25903907e-16  1.23355192e-16  1.17298295e-16
  1.08648592e-16  9.81034058e-17  8.72894757e-17  7.78830110e-17
  7.11611721e-17  6.80243691e-17  6.86002102e-17  7.22964456e-17
  7.78623565e-17  8.41566222e-17  8.97427515e-17  9.33858971e-17
  9.45642390e-17  9.31573464e-17  8.93207973e-17  8.40116115e-17
  7.83434561e-17  7.31202913e-17  6.91149100e-17  6.69902959e-17
  6.69038647e-17  6.84107305e-17  7.11949629e-17  7.45779662e-17
  7.78671000e-17  8.01165193e-17  8.12016891e-17  8.06917430e-17
  7.85239167e-17  7.50028759e-17  7.05861982e-17  6.58557936e-17
  6.13562291e-17  5.78129493e-17  5.56480785e-17  5.49271236e-17
  5.58514175e-17  5.81653406e-17  6.16932759e-17  6.58207800e-17
  6.99467181e-17  7.39427245e-17  7.72027036e-17  7.95433966e-17
  8.09139156e-17  8.05630221e-17  7.86816910e-17  7.55550564e-17
  7.10786998e-17  6.54418328e-17  5.88543143e-17  5.19055034e-17
  4.51069508e-17  3.91083340e-17  3.44548557e-17  3.15591452e-17
  3.07166298e-17  3.21252228e-17  3.56344043e-17  4.13207712e-17
  4.91814845e-17  5.87292333e-17  6.97919511e-17  8.20884553e-17
  9.51111721e-17  1.08827065e-16  1.18270722e-16  1.25350246e-16
  1.25988266e-16  1.00402760e-16  4.98875272e-17  2.03551237e-17
  4.15637880e-17  1.32724491e-16  2.81369429e-16  4.44322274e-16
  5.63115383e-16  5.91608804e-16  5.19097720e-16  3.73350679e-16
  2.06482185e-16  7.07910624e-17 -2.81253687e-18 -1.40868454e-17
  1.41459995e-17  5.14012856e-17  7.55449284e-17  7.98329430e-17
  7.12840143e-17  6.17861074e-17  5.93689809e-17  6.45666148e-17
  7.21670745e-17  7.62586879e-17  7.47227100e-17  7.06776429e-17
  6.88736583e-17  7.28883199e-17  8.22404070e-17  9.32854482e-17
  1.00675346e-16  1.01825630e-16  9.75158941e-17  9.07431492e-17
  8.55745193e-17  8.41823983e-17  8.60404135e-17  8.84466737e-17
  8.84102759e-17  8.51603432e-17  7.91772098e-17  7.32280306e-17
  6.99520982e-17  7.00522548e-17  7.25874866e-17  7.54625544e-17
  7.65569672e-17  7.45063460e-17  6.99662933e-17  6.48459080e-17
  6.10943288e-17  6.01466436e-17  6.19572831e-17  6.55340546e-17
  6.88929270e-17  7.09405189e-17  7.09359465e-17  6.97338779e-17
  6.84401979e-17  6.79048359e-17  6.87394890e-17  7.06342148e-17
  7.26296220e-17  7.39581039e-17  7.37667395e-17  7.23475099e-17
  7.05870053e-17  6.93537598e-17  6.93263225e-17  7.04713460e-17
  7.26536348e-17  7.46326782e-17  7.55120752e-17  7.48534429e-17
  7.27087766e-17  6.99167260e-17  6.74168524e-17  6.59611128e-17
  6.61986928e-17  6.78017626e-17  7.01581238e-17  7.25938522e-17
  7.40795807e-17  7.42759310e-17  7.33502808e-17  7.15349846e-17
  7.01336115e-17  6.92034108e-17  6.93878481e-17  7.03216286e-17
  7.17908046e-17  7.33933535e-17  7.44508688e-17  7.47537191e-17
  7.45785384e-17  7.42093351e-17  7.44901809e-17  7.61208802e-17
  7.88202921e-17  8.28018962e-17  8.69165814e-17  9.13879677e-17
  9.46335132e-17  9.60022926e-17  9.47670946e-17  9.16032772e-17
  8.68380142e-17  8.14525775e-17  7.60077485e-17  7.14071417e-17
  6.83435992e-17  6.67738775e-17  6.68540709e-17  6.69188377e-17
  6.77483493e-17  6.79354966e-17  6.76529521e-17  6.67476779e-17
  6.57790612e-17  6.43557125e-17  6.32751086e-17  6.28038551e-17
  6.32824498e-17  6.46652367e-17  6.64412142e-17  6.82926358e-17
  7.01799785e-17  7.11455982e-17  7.15056953e-17  7.11107822e-17
  6.99245161e-17  6.84902877e-17  6.76329588e-17  6.68444819e-17
  6.68808835e-17  6.78098985e-17  6.93669641e-17  7.06397106e-17
  7.20971573e-17  7.34998706e-17  7.33154501e-17  7.22057026e-17
  7.07561905e-17  6.82260017e-17  6.54717550e-17  6.32919845e-17
  6.18653752e-17  6.16605644e-17  6.24206494e-17  6.43932145e-17
  6.80697006e-17  7.11804391e-17  7.44191132e-17  7.77931331e-17
  7.88853998e-17  7.89767723e-17  7.81432028e-17  7.53731277e-17
  7.18702610e-17  6.79689929e-17  6.44233200e-17  6.09454578e-17
  5.91017377e-17  5.88223730e-17  5.90501042e-17  6.13737431e-17
  6.39872802e-17  6.61160795e-17  6.92207079e-17  6.99001819e-17
  7.02732891e-17  6.90336056e-17  6.58730091e-17  6.31774502e-17
  5.88053324e-17  5.56068301e-17  5.32737071e-17  5.20970760e-17
  5.37088424e-17  5.77391263e-17  6.41786400e-17  7.40993079e-17
  8.47171242e-17  9.73714152e-17  1.10426700e-16  1.19778390e-16
  1.29147057e-16  1.29762773e-16  1.28050646e-16]","[7.18067312e-17 5.98143905e-17 4.88948214e-17 4.62350638e-17
 4.39881868e-17 4.56414537e-17 4.80415895e-17 5.27643272e-17
 5.75613621e-17 6.38600972e-17 5.89990682e-17 5.57689303e-17
 4.85922595e-17 5.06065416e-17 4.67038278e-17 5.20744322e-17
 4.98635017e-17 5.70632763e-17 5.38151623e-17 6.18606484e-17
 6.17599674e-17 6.45594503e-17 7.39293381e-17 6.14112585e-17
 7.46690970e-17 6.17191546e-17 5.53631637e-17 5.96571579e-17
 4.10194611e-17 4.52227665e-17 4.46763136e-17 3.13861528e-17
 3.97222140e-17 3.87660752e-17 2.85083970e-17 3.73468731e-17
 3.79527188e-17 2.79625396e-17 3.51401071e-17 3.96017621e-17
 3.02250846e-17 3.16180984e-17 4.01651160e-17 3.51918069e-17
 2.86596501e-17 3.67668648e-17 3.95961661e-17 3.16794613e-17
 3.01006978e-17 3.72302856e-17 3.67856466e-17 2.98844077e-17
 3.00584307e-17 3.51696519e-17 3.40287100e-17 2.87758686e-17
 2.93071367e-17 3.35520419e-17 3.31993882e-17 2.91082660e-17
 2.86734742e-17 3.24934512e-17 3.38660183e-17 3.12083122e-17
 2.89948305e-17 3.08195987e-17 3.36024315e-17 3.36918834e-17
 3.19470663e-17 3.15066921e-17 3.31204533e-17 3.45167864e-17
 3.44462924e-17 3.39586999e-17 3.48651071e-17 3.67355481e-17
 3.79419018e-17 3.77367018e-17 3.71336877e-17 3.75754342e-17
 3.91881082e-17 4.06452068e-17 4.07404903e-17 3.94737604e-17
 3.83689104e-17 3.85500332e-17 3.98660126e-17 4.09973749e-17
 4.07869420e-17 3.92407410e-17 3.73628254e-17 3.64248124e-17
 3.68110537e-17 3.78689791e-17 3.83855806e-17 3.76520657e-17
 3.59155831e-17 3.40336601e-17 3.29013135e-17 3.29490075e-17
 3.37140610e-17 3.42411154e-17 3.38988542e-17 3.27106932e-17
 3.11394181e-17 2.97813688e-17 2.92569374e-17 2.95676632e-17
 3.02493786e-17 3.06108262e-17 3.04354173e-17 2.96333233e-17
 2.84566763e-17 2.73696264e-17 2.67822024e-17 2.68570648e-17
 2.74009583e-17 2.81190191e-17 2.86384310e-17 2.86135341e-17
 2.80643110e-17 2.70754296e-17 2.59791393e-17 2.49754996e-17
 2.42183126e-17 2.38669706e-17 2.37601456e-17 2.37990646e-17
 2.39093177e-17 2.38368433e-17 2.36382891e-17 2.34215973e-17
 2.31827083e-17 2.29826458e-17 2.28312699e-17 2.27990862e-17
 2.28592375e-17 2.30018971e-17 2.31773229e-17 2.33135241e-17
 2.33599076e-17 2.33295547e-17 2.31141777e-17 2.28712067e-17
 2.27048737e-17 2.25013138e-17 2.23419682e-17 2.22605561e-17
 2.22396669e-17 2.23822591e-17 2.07470216e-17 2.38601316e-17
 3.52222536e-17 5.48680069e-17 6.94398671e-17 7.41474516e-17
 8.00210449e-17 8.57686605e-17 8.79013100e-17 8.89900327e-17
 9.23384275e-17 9.29450915e-17 8.48511187e-17 7.18319994e-17
 6.41228518e-17 6.20604142e-17 5.72966351e-17 4.94327508e-17
 4.50021258e-17 4.38843293e-17 4.03728469e-17 3.47535968e-17
 3.23143566e-17 3.25944707e-17 3.09659080e-17 2.75536995e-17
 2.58990266e-17 2.62073497e-17 2.54782149e-17 2.31854801e-17
 2.14794852e-17 2.17341255e-17 2.20694715e-17 2.10026359e-17
 1.96566078e-17 1.99119670e-17 2.06212240e-17 1.98292883e-17
 1.85662305e-17 1.90694619e-17 2.02625355e-17 1.97230940e-17
 1.81128741e-17 1.83527981e-17 1.98887413e-17 1.99427935e-17
 1.85421061e-17 1.83005143e-17 1.96747929e-17 2.00713963e-17
 1.87713540e-17 1.79914976e-17 1.91620076e-17 2.01788698e-17
 1.94194816e-17 1.83359156e-17 1.89547809e-17 2.02419446e-17
 1.99897168e-17 1.85959175e-17 1.82185504e-17 1.93824844e-17
 1.99881477e-17 1.89755835e-17 1.78370066e-17 1.82982640e-17
 1.94283812e-17 1.94188053e-17 1.81669913e-17 1.74470913e-17
 1.82149686e-17 1.90954962e-17 1.87774922e-17 1.76654680e-17
 1.73143965e-17 1.79875530e-17 1.85188727e-17 1.81574950e-17
 1.74135211e-17 1.72629463e-17 1.76901577e-17 1.78821645e-17
 1.75810030e-17 1.72007157e-17 1.72199744e-17 1.74891578e-17
 1.74947820e-17 1.72601688e-17 1.72108356e-17 1.74259412e-17
 1.76909789e-17 1.75549741e-17 1.73155030e-17 1.73944738e-17
 1.78969344e-17 1.83404035e-17 1.82524966e-17 1.78489963e-17
 1.78082076e-17 1.83562050e-17 1.90476178e-17 1.92867892e-17
 1.88874339e-17 1.85514974e-17 1.87612761e-17 1.95969465e-17
 2.01911312e-17 2.01226430e-17 1.96089995e-17 1.95140510e-17
 2.01560674e-17 2.10957125e-17 2.15015338e-17 2.11647331e-17
 2.06432373e-17 2.06686988e-17 2.15794782e-17 2.23788227e-17
 2.27630059e-17 2.22752043e-17 2.16460407e-17 2.16547963e-17
 2.26320696e-17 2.36722892e-17 2.40896273e-17 2.36152675e-17
 2.28293459e-17 2.26199830e-17 2.33323144e-17 2.44985392e-17
 2.53756472e-17 2.52621357e-17 2.45856664e-17 2.40953919e-17
 2.44292709e-17 2.55666048e-17 2.68892294e-17 2.73315120e-17
 2.69631529e-17 2.63323423e-17 2.62415646e-17 2.69171903e-17
 2.82988597e-17 2.96307799e-17 2.98408759e-17 2.92937895e-17
 2.88428944e-17 2.88853882e-17 2.98814985e-17 3.14710490e-17
 3.27014673e-17 3.31102134e-17 3.25707525e-17 3.19305800e-17
 3.23811410e-17 3.33670061e-17 3.50068418e-17 3.67115067e-17
 3.69641006e-17 3.65260231e-17 3.61129583e-17 3.61107354e-17
 3.74179558e-17 3.95778005e-17 4.17437922e-17 4.25011982e-17
 4.23535313e-17 4.16298418e-17 4.07111297e-17 4.19388554e-17
 4.44936621e-17 4.72348344e-17 5.02880532e-17 5.06748536e-17
 5.01446347e-17 4.88003167e-17 4.80318594e-17 5.08161093e-17
 5.51191917e-17 6.13328411e-17 6.66994262e-17 6.92241670e-17
 6.99132974e-17 6.88735167e-17 6.87304452e-17 7.41215972e-17
 8.40460539e-17 9.88213668e-17 1.14467252e-16 1.24764950e-16
 1.32942531e-16 1.31499441e-16 1.31944136e-16]"
5961347541020297856,"[7.36641651e-18 6.79757005e-18 9.48877791e-18 9.60457521e-18
 7.35583011e-18 7.15102386e-18 1.03811941e-17 1.24786721e-17
 9.97393201e-18 6.30285186e-18 6.96404599e-18 9.97396771e-18
 1.13102850e-17 1.06665879e-17 9.99315597e-18 1.00216500e-17
 9.79978450e-18 8.96964352e-18 8.64567442e-18 9.30025861e-18
 9.76721652e-18 9.18030093e-18 8.14788374e-18 7.88761576e-18
 8.51221664e-18 9.13023207e-18 9.29542274e-18 9.18344893e-18
 8.94680506e-18 8.48120095e-18 7.92188109e-18 7.67359550e-18
 7.98766676e-18 8.67394350e-18 9.11385305e-18 8.93496328e-18
 8.31007681e-18 7.82772073e-18 7.98618151e-18 8.78873565e-18
 9.66141718e-18 1.00062307e-17 9.64555779e-18 8.95769100e-18
 8.58405601e-18 8.95302405e-18 9.93309112e-18 1.10222687e-17
 1.16450991e-17 1.15365340e-17 1.09052382e-17 1.02155926e-17
 9.83626258e-18 9.91736759e-18 1.03084611e-17 1.07232939e-17
 1.09352514e-17 1.09069971e-17 1.07964313e-17 1.08128554e-17
 1.10579213e-17 1.14795865e-17 1.18307494e-17 1.18633793e-17
 1.14181744e-17 1.05194600e-17 9.44827103e-18 8.52516787e-18
 8.09913370e-18 8.35328575e-18 9.24901819e-18 1.05528813e-17
 1.19390917e-17 1.30208872e-17 1.35891332e-17 1.35123717e-17
 1.29142771e-17 1.20117478e-17 1.10812795e-17 1.03497715e-17
 9.98800922e-18 1.00638044e-17 1.05175503e-17 1.11783335e-17
 1.19377607e-17 1.26210467e-17 1.31461950e-17 1.34894446e-17
 1.36580771e-17 1.37236506e-17 1.37576814e-17 1.38137681e-17
 1.38976808e-17 1.40554409e-17 1.42464698e-17 1.44064185e-17
 1.45105763e-17 1.45250449e-17 1.44012632e-17 1.41791342e-17
 1.39161752e-17 1.36296230e-17 1.33610188e-17 1.31820691e-17
 1.31226220e-17 1.31434141e-17 1.32666210e-17 1.34602906e-17
 1.36880415e-17 1.38543955e-17 1.39831126e-17 1.40157980e-17
 1.39298573e-17 1.37422242e-17 1.34795790e-17 1.31818555e-17
 1.28796256e-17 1.26489484e-17 1.25207948e-17 1.24696813e-17
 1.25335471e-17 1.26848333e-17 1.29447929e-17 1.32586776e-17
 1.35840274e-17 1.39639925e-17 1.43354323e-17 1.47031779e-17
 1.50842337e-17 1.53542386e-17 1.55506151e-17 1.57217041e-17
 1.58270312e-17 1.58664160e-17 1.58186403e-17 1.57336959e-17
 1.56295942e-17 1.55652826e-17 1.55852964e-17 1.57145535e-17
 1.59745980e-17 1.64052254e-17 1.69339409e-17 1.76543264e-17
 1.86205808e-17 1.97028863e-17 2.09148977e-17 2.22285971e-17
 2.35597780e-17 2.49482013e-17 2.55646581e-17 2.61639038e-17
 2.62930761e-17 2.35564359e-17 1.80571841e-17 1.54330920e-17
 1.88228170e-17 2.91496489e-17 4.37176254e-17 5.74391873e-17
 6.50503075e-17 6.37456147e-17 5.44531989e-17 4.09392534e-17
 2.78443530e-17 1.86390202e-17 1.45621622e-17 1.46787626e-17
 1.69897413e-17 1.96541994e-17 2.17315840e-17 2.29504231e-17
 2.35574155e-17 2.38020599e-17 2.37724228e-17 2.36221485e-17
 2.36757325e-17 2.43286699e-17 2.58137027e-17 2.80962382e-17
 3.04488133e-17 3.20239561e-17 3.21192777e-17 3.07520160e-17
 2.83112065e-17 2.58267050e-17 2.41706034e-17 2.36093800e-17
 2.39622863e-17 2.46550538e-17 2.51663929e-17 2.53025735e-17
 2.53072040e-17 2.58741986e-17 2.73118288e-17 2.97490525e-17
 3.28500130e-17 3.57929150e-17 3.79466166e-17 3.91769406e-17
 3.98528510e-17 4.04717754e-17 4.17373894e-17 4.40421420e-17
 4.71211876e-17 5.03984688e-17 5.29805550e-17 5.43236768e-17
 5.38801002e-17 5.20372166e-17 4.91117074e-17 4.60073250e-17
 4.32868598e-17 4.11502610e-17 3.97483303e-17 3.89406107e-17
 3.84777624e-17 3.83150179e-17 3.82564619e-17 3.84277775e-17
 3.89489140e-17 3.97259825e-17 4.05694775e-17 4.11358816e-17
 4.14245374e-17 4.11745307e-17 4.05528788e-17 3.99773698e-17
 3.99279538e-17 4.09942853e-17 4.35159599e-17 4.75147877e-17
 5.29647455e-17 5.93400685e-17 6.61484802e-17 7.30813980e-17
 7.94842572e-17 8.51330871e-17 8.99726650e-17 9.36039792e-17
 9.67898415e-17 9.87607824e-17 9.99030251e-17 9.97417528e-17
 9.85504810e-17 9.66161660e-17 9.38440310e-17 9.05072864e-17
 8.70603552e-17 8.35646772e-17 8.04730962e-17 7.80053574e-17
 7.55457239e-17 7.33425201e-17 7.07563532e-17 6.86100484e-17
 6.63889056e-17 6.43837713e-17 6.27114916e-17 6.21677985e-17
 6.29939080e-17 6.55656805e-17 6.96606038e-17 7.51457857e-17
 8.18148719e-17 8.89335985e-17 9.64174896e-17 1.01969086e-16
 1.07132085e-16 1.10324923e-16 1.12342333e-16 1.13289611e-16
 1.14234885e-16 1.14408502e-16 1.14994809e-16 1.16315388e-16
 1.19012738e-16 1.23257623e-16 1.28539199e-16 1.34811021e-16
 1.42551446e-16 1.50195145e-16 1.58417946e-16 1.66560756e-16
 1.73726761e-16 1.80079343e-16 1.86575554e-16 1.90722794e-16
 1.93843869e-16 1.95967643e-16 1.96733552e-16 1.94502540e-16
 1.91834245e-16 1.89229150e-16 1.83771171e-16 1.77907852e-16
 1.73301022e-16 1.67922745e-16 1.63284972e-16 1.60555794e-16
 1.59330134e-16 1.60093407e-16 1.61794732e-16 1.65142037e-16
 1.71868007e-16 1.77054226e-16 1.83500377e-16 1.92207195e-16
 1.98020649e-16 2.04555002e-16 2.12132781e-16 2.17562071e-16
 2.23099431e-16 2.28347521e-16 2.34078930e-16 2.37317006e-16
 2.42417309e-16 2.48443701e-16 2.50880382e-16 2.57346030e-16
 2.61842517e-16 2.63418648e-16 2.70044575e-16 2.70216075e-16
 2.73561431e-16 2.75629209e-16 2.74803283e-16 2.79917267e-16
 2.79800164e-16 2.84695319e-16 2.90255978e-16 2.94321310e-16
 3.02902843e-16 3.11855849e-16 3.20713034e-16 3.35690923e-16
 3.46244887e-16 3.61973228e-16 3.80021733e-16 3.90944007e-16
 4.11630028e-16 4.17811250e-16 4.33308756e-16]","[3.96943743e-18 2.95478717e-18 2.38243993e-18 2.05669482e-18
 1.94285339e-18 1.92284831e-18 2.05657742e-18 2.18606484e-18
 2.42809792e-18 2.57731350e-18 2.48795203e-18 2.24116288e-18
 2.09602004e-18 2.06075914e-18 2.03749796e-18 2.18149280e-18
 2.21094883e-18 2.40428975e-18 2.44825222e-18 2.62077732e-18
 2.70929779e-18 2.83517425e-18 2.99573828e-18 2.81196879e-18
 2.87533856e-18 2.53823900e-18 2.27306286e-18 2.15906258e-18
 1.72459285e-18 1.65309044e-18 1.56548181e-18 1.26991491e-18
 1.32932424e-18 1.29841794e-18 1.07555585e-18 1.17047477e-18
 1.19588347e-18 9.99903798e-19 1.06895770e-18 1.17396165e-18
 1.01082360e-18 9.74000996e-19 1.14010543e-18 1.09173063e-18
 9.44270656e-19 1.04018155e-18 1.12879874e-18 1.01680454e-18
 9.45269199e-19 1.04970471e-18 1.07940441e-18 9.74876235e-19
 9.35195819e-19 1.01312141e-18 1.02983026e-18 9.52590909e-19
 9.16199995e-19 9.65244599e-19 9.89071239e-19 9.43603422e-19
 9.00045705e-19 9.13587740e-19 9.34404343e-19 9.15405903e-19
 8.78549302e-19 8.65709853e-19 8.75728167e-19 8.72211585e-19
 8.49885138e-19 8.30486990e-19 8.26613121e-19 8.27766162e-19
 8.24008231e-19 8.16164439e-19 8.14403421e-19 8.12803560e-19
 8.05385323e-19 7.93850131e-19 7.90456307e-19 7.99613322e-19
 8.11181445e-19 8.10623584e-19 7.93920892e-19 7.71552002e-19
 7.65651963e-19 7.77927090e-19 7.94571756e-19 7.98936392e-19
 7.85977987e-19 7.67631797e-19 7.59983777e-19 7.68420063e-19
 7.81517780e-19 7.86493604e-19 7.74925865e-19 7.50969365e-19
 7.30178331e-19 7.25473597e-19 7.35943849e-19 7.51603980e-19
 7.60011395e-19 7.52720223e-19 7.32274523e-19 7.10658336e-19
 6.99086781e-19 6.99465124e-19 7.08705302e-19 7.16897621e-19
 7.16427029e-19 7.02812354e-19 6.83989849e-19 6.67029224e-19
 6.59557790e-19 6.65015639e-19 6.79754189e-19 6.96156756e-19
 7.06004769e-19 7.06765233e-19 6.98003928e-19 6.80445235e-19
 6.61377812e-19 6.45027418e-19 6.35966722e-19 6.31552717e-19
 6.27616824e-19 6.23752267e-19 6.15970001e-19 6.05256402e-19
 5.94510284e-19 5.81987592e-19 5.72499355e-19 5.70002937e-19
 5.73442845e-19 5.81288887e-19 5.89597731e-19 5.96266329e-19
 5.98256642e-19 5.95079209e-19 5.87077869e-19 5.75205171e-19
 5.61313081e-19 5.48350368e-19 5.35425646e-19 5.26632725e-19
 5.23629651e-19 5.22313416e-19 5.22722691e-19 5.23819204e-19
 5.23656595e-19 5.23593230e-19 5.03736235e-19 7.14474996e-19
 1.16043300e-18 1.80498669e-18 2.18462987e-18 2.26427328e-18
 2.37275238e-18 2.43784443e-18 2.49306870e-18 2.61827205e-18
 2.68674628e-18 2.62891714e-18 2.62352554e-18 2.69848002e-18
 2.64257105e-18 2.49363685e-18 2.50242173e-18 2.56781885e-18
 2.46884502e-18 2.37066951e-18 2.45739361e-18 2.48484541e-18
 2.35981753e-18 2.35885121e-18 2.48994772e-18 2.44640705e-18
 2.30151059e-18 2.38538239e-18 2.51874246e-18 2.39380256e-18
 2.23542386e-18 2.39763861e-18 2.53357346e-18 2.32740322e-18
 2.12846467e-18 2.35339730e-18 2.53514860e-18 2.29116418e-18
 2.03848989e-18 2.29473677e-18 2.54588137e-18 2.32613158e-18
 2.00599165e-18 2.24468135e-18 2.57603781e-18 2.41941730e-18
 2.01800690e-18 2.12361243e-18 2.52916066e-18 2.51465893e-18
 2.08216177e-18 1.95210920e-18 2.37422476e-18 2.58507675e-18
 2.26291965e-18 1.87733135e-18 2.11880483e-18 2.53047879e-18
 2.46662839e-18 2.00484020e-18 1.83581411e-18 2.24089072e-18
 2.50657044e-18 2.27224534e-18 1.83800793e-18 1.87675352e-18
 2.28590534e-18 2.43416746e-18 2.15121208e-18 1.81414482e-18
 1.94548469e-18 2.30240059e-18 2.38864579e-18 2.12899204e-18
 1.87455560e-18 1.98963018e-18 2.26920982e-18 2.34061862e-18
 2.15091172e-18 1.95671627e-18 2.01631815e-18 2.20644805e-18
 2.26937528e-18 2.14251816e-18 1.99189085e-18 2.01060186e-18
 2.14491680e-18 2.20968835e-18 2.12996115e-18 1.98589266e-18
 1.94535389e-18 2.02225499e-18 2.10586129e-18 2.08458841e-18
 1.97639312e-18 1.88696291e-18 1.89435738e-18 1.96714142e-18
 2.01205161e-18 1.97192607e-18 1.88222260e-18 1.82568836e-18
 1.84312003e-18 1.91692067e-18 1.96279773e-18 1.96043233e-18
 1.90630693e-18 1.85884297e-18 1.86489927e-18 1.93412129e-18
 2.00953816e-18 2.04383010e-18 2.01981681e-18 1.97865193e-18
 1.98036898e-18 2.03913166e-18 2.13065027e-18 2.16385841e-18
 2.16059345e-18 2.12058153e-18 2.11568261e-18 2.17499619e-18
 2.28531035e-18 2.36350529e-18 2.38498281e-18 2.35860787e-18
 2.34151883e-18 2.38107578e-18 2.46801844e-18 2.56060560e-18
 2.62859342e-18 2.64116415e-18 2.64967361e-18 2.69235661e-18
 2.77416069e-18 2.87173352e-18 2.95722536e-18 2.97115492e-18
 2.95717174e-18 2.96808184e-18 3.04124188e-18 3.14511504e-18
 3.26848441e-18 3.36639700e-18 3.36388991e-18 3.32582597e-18
 3.33502468e-18 3.39121740e-18 3.50915407e-18 3.65429135e-18
 3.75540714e-18 3.79686408e-18 3.77791490e-18 3.77551220e-18
 3.88320819e-18 3.99911602e-18 4.14839757e-18 4.30321596e-18
 4.32565733e-18 4.32149099e-18 4.35709031e-18 4.42821471e-18
 4.59740964e-18 4.81048811e-18 5.00724858e-18 5.06466868e-18
 5.06785501e-18 5.04670893e-18 4.99852730e-18 5.14855385e-18
 5.37889607e-18 5.59585784e-18 5.87465123e-18 5.90755965e-18
 5.90898420e-18 5.85796220e-18 5.83786279e-18 6.12533429e-18
 6.46901056e-18 6.98928176e-18 7.44662230e-18 7.67337473e-18
 7.80195605e-18 7.81779763e-18 7.91609165e-18 8.48132469e-18
 9.34144163e-18 1.06210903e-17 1.20018720e-17 1.29194121e-17
 1.37626851e-17 1.37627302e-17 1.40360168e-17]"
2022999316661190272,"[3.61112447e-17 2.68733670e-17 3.05340197e-17 3.35590354e-17
 3.01724927e-17 2.60806959e-17 2.69438993e-17 2.94334236e-17
 2.97894373e-17 2.98414509e-17 3.00668358e-17 2.75274540e-17
 2.34929625e-17 2.06501817e-17 2.01211995e-17 1.97185895e-17
 1.84006476e-17 1.88283819e-17 2.23203570e-17 2.44519303e-17
 2.03643527e-17 1.25143340e-17 7.47277526e-18 7.31293668e-18
 8.02361536e-18 7.20463253e-18 6.99979315e-18 8.65927125e-18
 9.89788877e-18 8.31495387e-18 4.72518927e-18 2.14724660e-18
 2.52212083e-18 4.92964331e-18 6.80488035e-18 6.66438797e-18
 5.37576834e-18 4.98972457e-18 6.50376572e-18 8.81932453e-18
 9.71025487e-18 7.99189483e-18 4.67351228e-18 2.24642933e-18
 2.67133198e-18 5.79468650e-18 9.41659059e-18 1.09530615e-17
 9.24725416e-18 5.33399331e-18 1.69812703e-18 5.77696943e-19
 2.62575152e-18 6.63802574e-18 1.03915964e-17 1.20103378e-17
 1.09542065e-17 8.17669587e-18 5.47363076e-18 4.43767329e-18
 5.65963805e-18 8.54718551e-18 1.17178299e-17 1.37970893e-17
 1.40370952e-17 1.25886950e-17 1.03922737e-17 8.54321258e-18
 7.91537962e-18 8.76030706e-18 1.07089161e-17 1.30491197e-17
 1.51148673e-17 1.64946244e-17 1.73195111e-17 1.79520963e-17
 1.89689743e-17 2.07168434e-17 2.31807066e-17 2.58827001e-17
 2.81239249e-17 2.92473649e-17 2.88170864e-17 2.68074175e-17
 2.40256256e-17 2.15766233e-17 2.09442853e-17 2.35463287e-17
 3.03836618e-17 4.18726006e-17 5.76651228e-17 7.66539840e-17
 9.69937134e-17 1.16994104e-16 1.34657939e-16 1.48139405e-16
 1.56514458e-16 1.59331456e-16 1.56426810e-16 1.48968658e-16
 1.38525110e-16 1.26360434e-16 1.14052059e-16 1.03361330e-16
 9.55043886e-17 9.09956953e-17 9.05512221e-17 9.42290984e-17
 1.01831816e-16 1.12505396e-16 1.26127428e-16 1.41807377e-16
 1.58765994e-16 1.76489010e-16 1.94486430e-16 2.12360273e-16
 2.29480942e-16 2.46007347e-16 2.61446697e-16 2.74216319e-16
 2.84344389e-16 2.90957393e-16 2.94873988e-16 2.95706836e-16
 2.93756284e-16 2.91336228e-16 2.88408355e-16 2.86262073e-16
 2.86211210e-16 2.86748765e-16 2.89321568e-16 2.95361838e-16
 3.04473792e-16 3.16770068e-16 3.31595518e-16 3.49343595e-16
 3.69411492e-16 3.91858787e-16 4.16360041e-16 4.42122357e-16
 4.68410152e-16 4.95356738e-16 5.20096629e-16 5.45185115e-16
 5.72357767e-16 5.97854180e-16 6.22504381e-16 6.45969284e-16
 6.66398423e-16 6.85573995e-16 7.03072309e-16 7.22788621e-16
 7.42270142e-16 7.57439905e-16 7.42084755e-16 7.26195256e-16
 7.39302992e-16 7.81202370e-16 8.31516882e-16 8.69604458e-16
 8.86677549e-16 8.91896488e-16 9.03897809e-16 9.34641589e-16
 9.81325537e-16 1.02898862e-15 1.06609800e-15 1.09016754e-15
 1.10953978e-15 1.14060926e-15 1.19755584e-15 1.26930944e-15
 1.33548793e-15 1.37076530e-15 1.35707784e-15 1.29893455e-15
 1.21909882e-15 1.14380366e-15 1.08994633e-15 1.06410623e-15
 1.05002490e-15 1.03361993e-15 1.00716372e-15 9.80241930e-16
 9.61624195e-16 9.65973374e-16 9.94866276e-16 1.03156556e-15
 1.05824477e-15 1.06101256e-15 1.04067566e-15 1.01137716e-15
 9.94383808e-16 1.01401438e-15 1.06842502e-15 1.14678812e-15
 1.22713396e-15 1.28013242e-15 1.29351917e-15 1.27655280e-15
 1.25274146e-15 1.24325055e-15 1.26813662e-15 1.33251623e-15
 1.42120895e-15 1.51425370e-15 1.58938491e-15 1.64123855e-15
 1.66662462e-15 1.68754147e-15 1.71571026e-15 1.77228905e-15
 1.86018234e-15 1.96524449e-15 2.07527340e-15 2.17322046e-15
 2.24357440e-15 2.28683183e-15 2.29587813e-15 2.28286046e-15
 2.26052812e-15 2.23067324e-15 2.19162071e-15 2.13395281e-15
 2.06427307e-15 1.97115184e-15 1.85962073e-15 1.74132300e-15
 1.62754397e-15 1.53359294e-15 1.46617362e-15 1.42402789e-15
 1.40721948e-15 1.40364153e-15 1.40536673e-15 1.41013569e-15
 1.41071628e-15 1.41035629e-15 1.41514156e-15 1.42462254e-15
 1.45371935e-15 1.49083621e-15 1.53902265e-15 1.58606571e-15
 1.63026336e-15 1.67104842e-15 1.70271087e-15 1.72705929e-15
 1.75097314e-15 1.77480159e-15 1.80760005e-15 1.85486545e-15
 1.90239034e-15 1.95580289e-15 1.99728454e-15 2.04801166e-15
 2.09060385e-15 2.12798659e-15 2.15524673e-15 2.18947030e-15
 2.23009996e-15 2.28373418e-15 2.34035227e-15 2.39897803e-15
 2.46084173e-15 2.51454909e-15 2.56994877e-15 2.57942165e-15
 2.59676601e-15 2.59291059e-15 2.59462780e-15 2.60738485e-15
 2.65436132e-15 2.71135126e-15 2.79468837e-15 2.89749530e-15
 3.01975421e-15 3.15085279e-15 3.26525002e-15 3.35354955e-15
 3.42394575e-15 3.43982015e-15 3.42357951e-15 3.36969753e-15
 3.27305870e-15 3.15215849e-15 3.03634585e-15 2.89621210e-15
 2.76408743e-15 2.64619269e-15 2.54048782e-15 2.42688417e-15
 2.33608498e-15 2.26948025e-15 2.18741596e-15 2.11458188e-15
 2.06615123e-15 2.01409673e-15 1.97315847e-15 1.95484634e-15
 1.95218075e-15 1.96928141e-15 1.99159733e-15 2.02643313e-15
 2.09375570e-15 2.13268415e-15 2.17722735e-15 2.23902570e-15
 2.25891578e-15 2.28122030e-15 2.31137025e-15 2.31759387e-15
 2.32821661e-15 2.34234608e-15 2.37078557e-15 2.38555886e-15
 2.43150247e-15 2.49862261e-15 2.53966483e-15 2.62875540e-15
 2.70174488e-15 2.74458156e-15 2.83702906e-15 2.85616472e-15
 2.90171665e-15 2.92645094e-15 2.91403778e-15 2.95993509e-15
 2.94830854e-15 2.99007466e-15 3.04195214e-15 3.08353467e-15
 3.17909591e-15 3.28532512e-15 3.39587241e-15 3.57388625e-15
 3.70322253e-15 3.88096176e-15 4.07075275e-15 4.16539931e-15
 4.33927897e-15 4.33187913e-15 4.39076962e-15]","[2.03658096e-17 1.66390032e-17 1.28800422e-17 1.20002960e-17
 1.09382367e-17 1.14424002e-17 1.18342138e-17 1.31960659e-17
 1.42534287e-17 1.60883281e-17 1.46921596e-17 1.41331635e-17
 1.21364957e-17 1.32899251e-17 1.16547932e-17 1.43336073e-17
 1.30133018e-17 1.61258253e-17 1.49925223e-17 1.70091453e-17
 1.85001876e-17 1.70144372e-17 2.17058373e-17 1.74335926e-17
 1.96786369e-17 1.85996998e-17 1.42305166e-17 1.61146933e-17
 1.23363867e-17 1.11209384e-17 1.20820329e-17 9.14468213e-18
 9.49771282e-18 1.01634197e-17 8.08351778e-18 8.82777513e-18
 9.54928819e-18 7.93374795e-18 8.40291066e-18 9.45016893e-18
 8.30353042e-18 8.12799830e-18 9.37092912e-18 8.93508401e-18
 8.09909603e-18 8.98534687e-18 9.38745507e-18 8.52339447e-18
 8.40960577e-18 9.14666727e-18 9.02766285e-18 8.39791111e-18
 8.55931501e-18 9.01811750e-18 8.83047847e-18 8.48526952e-18
 8.68641537e-18 8.96826758e-18 8.83693827e-18 8.67440114e-18
 8.87947257e-18 9.13768380e-18 9.09919684e-18 9.02739294e-18
 9.23438654e-18 9.51418535e-18 9.60519365e-18 9.58829083e-18
 9.78067394e-18 1.01584771e-17 1.04297816e-17 1.05180266e-17
 1.06744862e-17 1.10374466e-17 1.14919356e-17 1.17533252e-17
 1.18467483e-17 1.20046624e-17 1.23920564e-17 1.28582996e-17
 1.31673626e-17 1.32833437e-17 1.33951052e-17 1.36846916e-17
 1.42167738e-17 1.47140745e-17 1.49697955e-17 1.50036507e-17
 1.50393835e-17 1.53564512e-17 1.59963444e-17 1.67348146e-17
 1.72645990e-17 1.75182294e-17 1.75665579e-17 1.75983642e-17
 1.78152998e-17 1.82248445e-17 1.86323703e-17 1.88979105e-17
 1.89805349e-17 1.89085104e-17 1.88276399e-17 1.89202224e-17
 1.92199523e-17 1.95618207e-17 1.98481692e-17 1.99715049e-17
 1.99329325e-17 1.97521897e-17 1.96663488e-17 1.97539104e-17
 2.00355727e-17 2.04618895e-17 2.09151535e-17 2.12821314e-17
 2.14716204e-17 2.15323691e-17 2.15043921e-17 2.13749159e-17
 2.12570544e-17 2.11409696e-17 2.10751359e-17 2.09671700e-17
 2.07559515e-17 2.05338793e-17 2.02544668e-17 1.99924490e-17
 1.98401494e-17 1.96965852e-17 1.96551548e-17 1.97851576e-17
 2.00094536e-17 2.02725429e-17 2.04716595e-17 2.05888832e-17
 2.05738265e-17 2.04481123e-17 2.02376026e-17 1.99639202e-17
 1.96596597e-17 1.93863685e-17 1.90732484e-17 1.88402188e-17
 1.87406527e-17 1.86368781e-17 1.85486331e-17 1.84592720e-17
 1.83174579e-17 1.81822709e-17 2.87074205e-17 7.24649477e-17
 1.30050741e-16 2.11017010e-16 2.56907232e-16 2.59699418e-16
 2.73060448e-16 2.86909470e-16 2.85795919e-16 2.86960548e-16
 3.01834227e-16 3.08424902e-16 2.99870855e-16 2.99452140e-16
 3.09640824e-16 3.06263327e-16 2.92211202e-16 2.91583393e-16
 2.97449993e-16 2.86283435e-16 2.67811352e-16 2.65115597e-16
 2.67534043e-16 2.52004991e-16 2.29331615e-16 2.24960716e-16
 2.26865298e-16 2.10737284e-16 1.86871684e-16 1.82567149e-16
 1.87092288e-16 1.75656358e-16 1.54977331e-16 1.51801740e-16
 1.59993421e-16 1.54723821e-16 1.37490622e-16 1.32782335e-16
 1.43709647e-16 1.45396664e-16 1.31490887e-16 1.23335913e-16
 1.34160574e-16 1.43012018e-16 1.33446366e-16 1.19818516e-16
 1.26028188e-16 1.40555802e-16 1.39323929e-16 1.24065993e-16
 1.20125639e-16 1.35327087e-16 1.45275097e-16 1.36767891e-16
 1.23659782e-16 1.29190755e-16 1.44913452e-16 1.48254247e-16
 1.36332587e-16 1.29150474e-16 1.38998459e-16 1.50698223e-16
 1.48803489e-16 1.37942508e-16 1.35952734e-16 1.46209603e-16
 1.53319388e-16 1.49098165e-16 1.40718922e-16 1.41460558e-16
 1.50082279e-16 1.54136774e-16 1.49077649e-16 1.42207549e-16
 1.43382064e-16 1.49491507e-16 1.51641411e-16 1.47443896e-16
 1.42614429e-16 1.43366125e-16 1.47730970e-16 1.49644993e-16
 1.47893817e-16 1.45362441e-16 1.45388155e-16 1.47735455e-16
 1.49360986e-16 1.49712288e-16 1.50172751e-16 1.50851287e-16
 1.52258556e-16 1.52685204e-16 1.53744520e-16 1.55822571e-16
 1.58601676e-16 1.60511721e-16 1.60522022e-16 1.60411586e-16
 1.62581158e-16 1.66245359e-16 1.69205599e-16 1.69972237e-16
 1.68590179e-16 1.69172603e-16 1.72197460e-16 1.77714464e-16
 1.80853532e-16 1.80580674e-16 1.78580535e-16 1.79541767e-16
 1.84036440e-16 1.89660443e-16 1.92200820e-16 1.91198748e-16
 1.89849033e-16 1.91143849e-16 1.96886241e-16 2.00864495e-16
 2.03897899e-16 2.02676712e-16 2.01018614e-16 2.01677396e-16
 2.06468240e-16 2.10675811e-16 2.12452148e-16 2.10737619e-16
 2.08173284e-16 2.07861318e-16 2.10217528e-16 2.13680852e-16
 2.16384915e-16 2.14895837e-16 2.12007340e-16 2.10241047e-16
 2.11040931e-16 2.14202599e-16 2.18109213e-16 2.17500710e-16
 2.14114835e-16 2.10731641e-16 2.10345517e-16 2.12326930e-16
 2.17123017e-16 2.21612063e-16 2.19948140e-16 2.15455111e-16
 2.13154093e-16 2.13554466e-16 2.18435576e-16 2.25751144e-16
 2.30394754e-16 2.30518835e-16 2.25692666e-16 2.21158401e-16
 2.23792693e-16 2.28757194e-16 2.37127154e-16 2.45782191e-16
 2.45288979e-16 2.40938150e-16 2.37030144e-16 2.35402838e-16
 2.41567882e-16 2.52839755e-16 2.64280776e-16 2.67133533e-16
 2.64364971e-16 2.57463492e-16 2.48356246e-16 2.51633485e-16
 2.63233651e-16 2.77074078e-16 2.93588243e-16 2.94500850e-16
 2.88937726e-16 2.76465607e-16 2.65072942e-16 2.73153907e-16
 2.92005645e-16 3.23949039e-16 3.52595125e-16 3.65181800e-16
 3.64884538e-16 3.50528869e-16 3.36205433e-16 3.50262962e-16
 3.94644243e-16 4.70372472e-16 5.53029425e-16 6.06851490e-16
 6.42311146e-16 6.18322723e-16 5.87393295e-16]"
